,wk_page_id,wk_name,wiki_id
0,42357112,Shchaslyvtseve,Q4447786
1,28642650,Freemasonry in Ukraine,Q5501068
2,5788259,Konče Municipality,Q1992728
3,3069197,Azov Cossack Host,Q2593272
4,6916076,Novoazovsk Raion,Q2995136
5,44796147,Fotinovo,Q4492173
6,5680856,Graz-Umgebung District,Q672475
7,44435865,Golyama Chinka,Q1084408
8,28726182,Catranîc,Q2441203
9,23502047,Crasnoarmeiscoe,Q1985926
10,47888212,Novooleksiivka Railway station,Q12134158
11,44801830,Rezbartsi,Q1083857
12,10322921,Winklarn,Q559111
13,18436042,Pohrebyshche Raion,Q213166
14,36128285,Beli Vir,Q2454163
15,7913283,Kostolné Kračany,Q988208
16,28842832,Jurovski Dol,Q2643657
17,14864353,Karl Troll,Q3505476
18,49659275,Bratske,Q2453553
19,44438872,Rogach,Q4395398
20,42213921,Strilkove,Q4443704
21,44439371,Zvanarka,Q1082923
22,4180553,Sveti Jurij ob Ščavnici,Q920353
23,44247686,Kitna,Q1083429
24,6570532,Utekáč,Q1073020
25,5446009,Amstetten District,Q694449
26,6429982,Matzendorf,Q66352
27,44801847,Sipey,Q2461682
28,30257342,Solone Ozero,Q6978381
29,44796238,Mogilyane,Q1083214
30,45419531,"Luhanske, Bakhmut Raion",Q4267941
31,39416115,Zakharivka Raion,Q956385
32,42617684,Oleksandrivka,Q1218961
33,6028461,Sankt Pölten-Land District,Q694393
34,6745972,Hodruša-Hámre,Q1037257
35,6337834,List of urban-type settlements in Ukraine by subdivision,Q7216840
36,44797713,Starovo,Q4440152
37,44799771,Kobilyane,Q1084594
38,44797732,Vurben,Q4129126
39,4180114,Cerkvenjak,Q511695
40,44434985,Sindeltsi,Q1083873
41,42149078,Chonhar,Q3736537
42,46537601,"Krasne, Turka Raion",Q4238640
43,2378869,History of the Jews in Hungary,Q469544
44,6540209,Terenten,Q499667
45,6343304,Cirkulane,Q340205
0,373276,Cernavodă,Q736276
1,8364532,"Nowa Wieś, Przemyśl County",Q7066225
2,1483827,Sofia Metro,Q234707
3,50695773,Borzhava,Q836716
4,10875758,Mukacheve Raion,Q177141
5,2378869,History of the Jews in Hungary,Q469544
6,36795810,Velyki Berehy,Q831420
7,1275985,Câmpulung Moldovenesc,Q652802
8,28952014,Velji Lug,Q3113398
9,27984156,St. Petersburg State University of Telecommunications,Q4407705
10,6863704,Novoselytsia,Q149030
11,9440587,Bogdan Dochev,Q833282
12,20901498,Dragovo (Serbia),Q2257109
13,635423,Kosivska Poliana,Q720841
14,6189748,Bystrytsia River,Q296662
15,2392236,Berezovo,Q820752
16,42617684,Oleksandrivka,Q1218961
17,30818151,Feliks Volkhovsky,Q4124186
18,2737145,Peretz Markish,Q982187
19,6337834,List of urban-type settlements in Ukraine by subdivision,Q7216840
20,50777985,Civil volunteer movement helping Ukrainian forces in the war in Donbass,Q20074748
21,19035856,Roztoki Górne,Q7375439
22,19684453,Załuż,Q2439499
23,23387348,Yablunivka,Q4535867
24,36789297,Mala Byihan,Q839156
25,5450854,Administrative divisions of Ryazan Oblast,Q1669365
26,12789685,Pushcha-Vodytsia,Q4384871
27,35724802,Batrad,Q854610
28,36795663,"Hat, Berehove Raion",Q1031220
29,39127859,National Container Company,Q1972634
30,40973998,Job Getcha,Q15123533
0,1261408,Kamianske,Q156719
1,41076312,Tysovets,Q4458148
2,28938694,Lukovo (Vranje),Q3105654
3,49826948,Yordaneshty,Q4205972
4,46347559,Kostyntsi,Q19902578
5,49817468,"Karapchiv, Hlyboka Raion",Q4214165
6,46347176,Bobivtsi,Q4088614
7,46348525,"Panka, Storozhynets Raion",Q697029
8,46347490,Cheresh,Q4512977
9,10875758,Mukacheve Raion,Q177141
10,2378869,History of the Jews in Hungary,Q469544
11,46347593,Velykyi Kuchuriv,Q2091603
12,46347136,Banyliv Pidhirnyi,Q2576268
13,46348503,Yizhivtsi,Q4198208
14,27846464,Lohovo,Q278287
15,32659863,Kosino-Ukhtomsky District,Q2367534
16,10873321,Velykyi Rakovets,Q845850
17,46348494,Davydivka,Q4153859
18,49825131,"Kupka, Hlyboka Raion",Q4247485
19,23453038,Kamianka-Buzka Raion,Q2600293
20,49824891,Cherepkivtsi,Q4512917
21,49809146,Terebleche,Q12160668
22,46347464,Budenets,Q4098021
23,46347506,Chudei,Q4517607
24,49824988,Korchivtsi,Q4234479
25,46348567,Zrub-Komarivskyi,Q4194188
26,49818789,Turyatka,Q12163024
27,46348530,Nyzhni Petrivtsi,Q4319034
28,1508088,Slavo-Serbia,Q377414
29,46348535,Ropcha,Q4397710
30,28204966,Suha (Bratunac),Q325126
31,49834354,Sucheveny,Q12158999
32,7685604,"Voloka, Hlyboka Raion",Q2091615
33,49829910,Tarashany,Q12160044
34,6337834,List of urban-type settlements in Ukraine by subdivision,Q7216840
35,19037899,"Dąbrówka, Nisko County",Q5320791
36,49828997,Sterche,Q4442409
37,18662896,Biełki,Q582331
38,19038813,"Zarzecze, Przeworsk County",Q2200930
39,49826910,Dymka,Q7276879
40,19036704,Nowa Grobla,Q7065987
41,49839231,Stanivtsi,Q4439512
42,12767109,Câmpulung la Tisa,Q5063206
43,49791429,Oprysheny,Q12136126
44,49839172,Stary Vovchynets,Q12157384
0,19033175,"Łazy, Jarosław County",Q2785522
1,49817468,"Karapchiv, Hlyboka Raion",Q4214165
2,4948045,Kriva Palanka Municipality,Q1422453
3,46341224,Velyka Buda,Q4106235
4,46341378,Ternavka,Q4455965
5,2378869,History of the Jews in Hungary,Q469544
6,19036496,"Dąbrowa, Lubaczów County",Q577357
7,46347136,Banyliv Pidhirnyi,Q2576268
8,17141824,Ubort River,Q1050400
9,42277940,"Mahala, Novoselytsia Raion",Q180732
10,25099566,Lunka,Q4269495
11,13842775,Starozakrevsky Maidan,Q4441094
12,46341282,Khriatska,Q4501960
13,8371078,Berezniki Airport,Q671003
14,11304508,"Dulovo, Bulgaria",Q407319
15,11589130,Uzhhorod Raion,Q428958
16,28687057,Turi Remety,Q907300
17,6863704,Novoselytsia,Q149030
18,6862735,Zhovti Vody,Q639054
19,21962285,"Black House, Lviv",Q1981415
20,28733721,"Rotari, Transnistria",Q1994075
21,12778581,List of Bulgarian films of the 1970s,Q17070613
22,19035979,"Rybne, Podkarpackie Voivodeship",Q5191467
23,19036981,"Tarnawka, Łańcut County",Q7686401
24,46341253,Hodynіvka,Q6272058
25,11002735,Krasna polyana,Q6436209
26,6337834,List of urban-type settlements in Ukraine by subdivision,Q7216840
27,8814300,Synevyr,Q1188040
28,46341322,Petrashіvka,Q4360459
29,46341341,Bairaky,Q4075690
30,19035856,Roztoki Górne,Q7375439
31,19728066,Spas Dzhevizov,Q1758586
32,50743808,Tereblia (river),Q548945
33,46348542,Sniachiv,Q2090305
34,7914058,Names of European cities in different languages: Q–T,Q6961636
0,42277883,Dynivtsi,Q2091592
1,43506762,Karpatske (Turka Raion),Q4215648
2,28094081,Léon d'Ymbault,Q464559
3,3891115,Lysychansk,Q33280
4,43483153,Berlohy,Q4085012
5,4479595,Krasnoturyinsk,Q155767
6,42277968,Ridkivtsi,Q4392180
7,11780374,Olga Markova (figure skater),Q448613
8,2134565,Green Party of Bulgaria,Q851822
9,4813142,Chornivka,Q2089925
10,4812603,Trostianets,Q606706
11,23397889,Syarhey Chernik,Q591724
12,19758334,Dźwiniacz Dolny,Q2281441
13,28205975,Cherlenivka,Q2091625
14,6861853,Illintsi,Q932248
15,46545829,Mala Volosyanka,Q4276790
16,46535437,Komarnyky,Q4229259
17,23542310,Vyacheslav Kruglik,Q7943809
18,4813522,Boiany,Q2662063
19,42805147,Bitlia,Q4087520
20,50700038,"Kovalivka, Vasylkiv Raion",Q4225638
21,6863704,Novoselytsia,Q149030
22,46590743,Verkhnia Jablunka,Q4109021
23,6189748,Bystrytsia River,Q296662
24,18640895,"Krzywiec, Podlaskie Voivodeship",Q6440316
25,46539479,Verkhne Vysotske,Q2078717
26,22670554,Mizhhirya,Q261418
27,38351657,Fornosovo,Q3700950
28,19038813,"Zarzecze, Przeworsk County",Q2200930
29,42277876,Koteleve,Q4235940
30,45117323,"Dolynske, Zaporizhia Raion",Q4165026
31,40598362,Yamnytsia,Q4537686
32,42277979,Rynhach,Q4401991
33,11002735,Krasna polyana,Q6436209
34,19031888,Jabłonica Ruska,Q11715152
35,6337834,List of urban-type settlements in Ukraine by subdivision,Q7216840
36,10873321,Velykyi Rakovets,Q845850
37,19017026,"Nowica, Lesser Poland Voivodeship",Q5191614
38,3395,Gautama Buddha,Q9441
39,1295968,Zaporizhia (region),Q2341483
40,2666958,Khotin Uprising,Q2266337
41,42278020,Toporivtsi,Q4460872
42,24013437,Staryi Uhryniv,Q2034030
43,42277910,Prypruttia,Q4378996
44,19953143,Kysorychi,Q4222293
45,23239673,Kosmach,Q4234969
0,45517861,"Lavriv, Staryi Sambir Raion",Q4252233
1,46347430,Stari Broskivtsi,Q4440897
2,19035947,Bereźnica Wyżna,Q600290
3,19033175,"Łazy, Jarosław County",Q2785522
4,6917601,Marina Zhirova,Q456567
5,6897986,Stolniceni,Q1240060
6,23568533,Frumușica,Q441420
7,7922124,Lietavská Svinná-Babkov,Q1045107
8,42277960,Mamalyha,Q2091648
9,2378869,History of the Jews in Hungary,Q469544
10,46347593,Velykyi Kuchuriv,Q2091603
11,7487030,Cigeľka,Q852330
12,24814729,Vădeni,Q1128310
13,46546270,Lavochne,Q4252057
14,18472470,Łukowce,Q3924546
15,15986549,Solovei iz sela Marshyntsi,Q4427938
16,49825130,Koroviya,Q4233651
17,46341269,Horbova,Q4143638
18,23165783,Gordinești,Q1206011
19,2271241,Lviv University,Q80207
20,11589130,Uzhhorod Raion,Q428958
21,6863704,Novoselytsia,Q149030
22,42277996,Stalnivtsi,Q4439284
23,42277999,"Strointsi, Novoselytsia Raion",Q4444120
24,23583857,Trebisăuți,Q2437130
25,23593654,Bîrlădeni,Q1975110
26,25054632,Alexăndreni,Q2448236
27,44661724,Kavske,Q4207053
28,23538100,Iliciovca,Q773611
29,20912761,"Selets, Drohobych Raion",Q1567716
30,7685604,"Voloka, Hlyboka Raion",Q2091615
31,7935498,Oravská Lesná,Q946655
32,1554186,Rotunda,Q2169114
33,899415,Onești,Q543436
34,6897796,Ruseni,Q1128021
35,23165854,Tîrnova,Q537805
36,46341346,Molnytsia,Q4300510
37,42277868,Podvirne,Q4367218
38,1828608,Drochia,Q2006112
39,23165776,Brînzeni,Q1983964
40,44842727,Derzhiv,Q4158930
41,49827639,"Lukovytsya, Hlyboka Raion",Q12118746
42,7116488,Staré Hory,Q1186966
43,46347476,Kamiana,Q4211101
44,46348516,Stara Zhadova,Q4439678
45,2318701,Vyzhnytsia,Q149118
46,46347415,Novi Broskivtsi,Q4326339
47,49818889,Chahor,Q4506676
0,23538331,Kamin-Kashyrskyi Raion,Q2469595
1,26930185,Vikno,Q4332588
2,47563,Idiom,Q184511
3,18615339,Stężyca Łęczyńska,Q7630256
4,10875758,Mukacheve Raion,Q177141
5,2378869,History of the Jews in Hungary,Q469544
6,19619978,Petra (given name),Q740790
7,9003552,Liuta,Q766751
8,12035366,"National Environmental Park ""Podilski Tovtry""",Q1964845
9,3581753,Hlyboka,Q1621469
10,6109,Cream,Q13228
11,37935732,List of fish in Ukraine,Q1033894
12,7237293,Berezhany Raion,Q2995500
13,6851551,Yasen-class submarine,Q1193363
14,19035260,"Lipowica, Podkarpackie Voivodeship",Q599847
15,6863704,Novoselytsia,Q149030
16,19758412,"Zawadka, Bieszczady County",Q8067349
17,27460645,Balgarska polyana,Q1091420
18,18805832,Rona de Sus,Q5063122
19,46349010,Mali Kuchuriv,Q4278995
20,18639040,"Grabowiec, Bielsk County",Q3692447
21,5953397,Kolomyia Raion,Q1035599
22,6337834,List of urban-type settlements in Ukraine by subdivision,Q7216840
23,23387018,Pidhiria,Q4367451
24,2134565,Green Party of Bulgaria,Q851822
25,19728066,Spas Dzhevizov,Q1758586
26,31484746,History of the Rus,Q1516954
27,50225172,"Lopushna, Peremyshliany Raion",
28,2666958,Khotin Uprising,Q2266337
29,46537601,"Krasne, Turka Raion",Q4238640
30,3834697,Vasily Mishin,Q948941
31,28666608,Hegewald (colony),Q822883
32,19017058,Uście Gorlickie,Q3496250
33,34439443,Nepolokivtsi,Q1977802
34,28733756,Slobozia-Rașcov,Q2457247
0,3716469,Black Sea Germans,Q704858
1,4812603,Trostianets,Q606706
2,44441483,Verkhnia Rozhanka,Q673967
3,44438683,Uhersko (Stryi Raion),Q4468893
4,4035155,Yavoriv,Q997392
5,46539035,"Lybohora, Turka Raion",Q4260894
6,23387317,"Shyshkivtsi, Brody Raion",Q4524821
7,19035900,"Olszanica, Podkarpackie Voivodeship",Q7088611
8,6874123,"Horodok, Lviv Oblast",Q930449
9,46590743,Verkhnia Jablunka,Q4109021
10,44439341,Nezhukhiv (Stryi Raion),Q4316236
11,46546270,Lavochne,Q4252057
12,19017037,"Przysłup, Lesser Poland Voivodeship",Q3387375
13,46527569,Limna,Q7239851
14,44418858,Korchyn (Skole Raion),Q4234495
15,46590768,Shandrovets,Q4520047
16,46529843,Ilnyk,Q4199940
17,45282728,Lysiatychi,Q4263532
18,46545829,Mala Volosyanka,Q4276790
19,13842775,Starozakrevsky Maidan,Q4441094
20,10855812,"Michałówka, Biała Podlaska County",Q3924554
21,24566199,Zygmunt Szczęsny Feliński,Q245399
22,6862186,Berezivka,Q819103
23,23384339,Zalissia,Q4185262
24,42747617,Plavie,Q4364298
25,29802525,"Vovchynets, Ivano-Frankivsk",Q4124260
26,46527401,Boberka,Q4088545
27,44749875,"Dobriany, Stryi Raion",Q4163926
28,44974657,"Zavadiv, Stryi Raion",Q4182830
29,19758412,"Zawadka, Bieszczady County",Q8067349
30,19031884,"Grabówka, Podkarpackie Voivodeship",Q5590887
31,47400659,Nyzhniv,Q4318743
32,17936687,Upper Polog dialect,Q7898865
33,19020329,Uhryń,Q5191481
34,25555223,Lysets,Q684816
35,6337834,List of urban-type settlements in Ukraine by subdivision,Q7216840
36,48416323,"Vilcha, Kiev Oblast",Q4111379
37,43442577,"Hirne, Yalta Municipality",Q4144593
38,9273873,"Shevchenkove, Shevchenkove Raion",Q1002607
39,3903157,Trukhaniv Island,Q2992707
40,47860511,Zhvanets,Q4178401
41,44008949,Borynia,Q894302
42,19033011,Tuchla,Q7850979
43,44975729,"Mizhrichia, Crimea",Q4288649
44,42278020,Toporivtsi,Q4460872
45,6863610,Vashkivtsi,Q149054
46,45189036,Nyzhnie Synovydne,Q4318824
47,24420832,List of twin towns and sister cities in Ukraine,Q1304069
0,46519518,Kornalovychi,Q4233233
1,19035947,Bereźnica Wyżna,Q600290
2,19031717,"Krywe, Bieszczady County",Q6439864
3,10875758,Mukacheve Raion,Q177141
4,4479595,Krasnoturyinsk,Q155767
5,19901270,Dimitar Inkiow,Q706741
6,24035648,Horodnytsia (UTS),Q2670476
7,45348230,Kulchytsi,Q4246779
8,43610791,Kalne (Skole Raion),Q4210558
9,44660649,"Holovetsko, Skole Raion",Q4141794
10,15228183,Roman Serbyn,Q2064151
11,46517859,Biskovychi,Q4087235
12,6559922,Dem'ianiv Laz,Q1185735
13,19016994,"Czarna, Lesser Poland Voivodeship",Q5201537
14,7237293,Berezhany Raion,Q2995500
15,45476101,Nadyby,Q4312051
16,19946647,"Stara Huta, Volyn Oblast",Q2066184
17,12416313,Plasticine Crow,Q1212415
18,31101634,Krupski,Q2584525
19,46517904,Voyutychi,Q4126913
20,29802525,"Vovchynets, Ivano-Frankivsk",Q4124260
21,3283478,Opaka,Q404756
22,25494770,Bilche Zolote,Q4086793
23,19684829,Brzeżanka,Q4981531
24,22738528,Lipița culture,Q2599285
25,46517775,Strilkovychi,Q4443696
26,27287357,"Uhornyky, Ivano-Frankivsk",Q4469138
27,38704562,Nahirne,Q1297017
28,30873310,Dulebes,Q911056
29,46519650,Voloscha,Q4124138
30,5953397,Kolomyia Raion,Q1035599
31,6337834,List of urban-type settlements in Ukraine by subdivision,Q7216840
32,23633579,The Vyborg Side,Q4128545
33,6874786,Hirske,Q1004740
34,20145854,Bukachivtsi,Q2603071
35,43411306,Velyka Novosilka,Q4106309
36,6875019,"Turka, Ukraine",Q932234
37,6863718,Dubliany,Q997533
38,19017058,Uście Gorlickie,Q3496250
0,23366505,Korolivka,Q4233914
1,44966595,"Kolodiivka, Ivano-Frankivsk Oblast",Q4228167
2,19684423,Markowce,Q2716364
3,538134,Soroca,Q853785
4,28733640,Caterinovca,Q2455548
5,23920425,Myroliubiv,Q2670481
6,27287301,Khryplyn,Q4501399
7,72502,Babi Yar,Q48766
8,24035648,Horodnytsia (UTS),Q2670476
9,26930185,Vikno,Q4332588
10,14625845,Sylvester Kossov,Q2625773
11,4458820,Engineers of the human soul,Q31405
12,18866295,Sport Complex Podillya,Q7579344
13,4266196,Sokil Kiev,Q1563947
14,19758334,Dźwiniacz Dolny,Q2281441
15,45233174,Lysivtsi,Q4270745
16,23453038,Kamianka-Buzka Raion,Q2600293
17,7237293,Berezhany Raion,Q2995500
18,37629950,"Vynohrad, Lysianka Raion",Q46486
19,13833402,Smotrych River,Q2492884
20,47944234,Kasperivtsi,Q4216717
21,6861968,Vasylivka,Q712272
22,6874945,Sokyriany,Q149173
23,50700038,"Kovalivka, Vasylkiv Raion",Q4225638
24,6862186,Berezivka,Q819103
25,34582458,Tovste (urban-type settlement),Q1026945
26,25494770,Bilche Zolote,Q4086793
27,6861813,Lanivtsi,Q591788
28,6922860,Ivankiv,Q797423
29,34416157,Kelmentsi,Q1738337
30,463454,Urban-type settlement,Q2989457
31,23366593,Kutyshche,Q6448679
32,12248914,Romani people in Serbia,Q7361508
33,5953397,Kolomyia Raion,Q1035599
34,6337834,List of urban-type settlements in Ukraine by subdivision,Q7216840
35,34487334,Koropets,Q1784662
36,4107719,Vysokaye,Q956627
37,18402215,FC Arsenal-Kyivshchyna Bila Tserkva,Q1875429
38,29076355,Ozaryntsi,Q2510543
39,43411306,Velyka Novosilka,Q4106309
40,38456467,Stara Ushytsia,Q1973687
41,364881,Chernivtsi,Q157725
42,28733685,Hrușca,Q2455579
43,19017058,Uście Gorlickie,Q3496250
44,46348542,Sniachiv,Q2090305
45,1586060,Cucuteni-Trypillian culture,Q1162419
46,28733756,Slobozia-Rașcov,Q2457247
0,18521904,Legends of Russian Rock,Q4256958
1,538134,Soroca,Q853785
2,10875758,Mukacheve Raion,Q177141
3,2378869,History of the Jews in Hungary,Q469544
4,4227007,Zbruch Idol,Q1577428
5,9955377,Struga Municipality,Q749618
6,44459438,Urych,Q2200148
7,24035648,Horodnytsia (UTS),Q2670476
8,26930185,Vikno,Q4332588
9,23387059,Popivtsi,Q4372865
10,45256202,Perevoloka (village),Q4350069
11,46534659,Ivashkivtsi,Q4197082
12,47409058,Stari Petlykivtsi,Q4440952
13,18436042,Pohrebyshche Raion,Q213166
14,6848983,Kuqa County,Q1023116
15,13833402,Smotrych River,Q2492884
16,6863173,Kreminna,Q2350295
17,11589130,Uzhhorod Raion,Q428958
18,26637019,Lozova railway station,Q4265565
19,22130150,FC Druzhba Maykop,Q2914929
20,10855812,"Michałówka, Biała Podlaska County",Q3924554
21,27764997,"Mynkivtsi, Dunaivtsi Raion",Q2089710
22,1925608,Michalovce,Q460925
23,25494770,Bilche Zolote,Q4086793
24,10806939,Mariiampil,Q4281734
25,19038629,"Adamówka, Podkarpackie Voivodeship",Q2576202
26,46518289,Verhivtsi,Q4109139
27,39416115,Zakharivka Raion,Q956385
28,47477016,Zhyznomyr,Q4180168
29,42682195,Murovani Kurylivtsi,Q1999815
30,5953397,Kolomyia Raion,Q1035599
31,6337834,List of urban-type settlements in Ukraine by subdivision,Q7216840
32,18615716,"Olchowiec, Krasnystaw County",Q11797672
33,46341322,Petrashіvka,Q4360459
34,6862158,Zinkiv,Q269547
35,38456213,Nova Ushytsia,Q2391355
36,18402215,FC Arsenal-Kyivshchyna Bila Tserkva,Q1875429
37,25555223,Lysets,Q684816
38,44543244,Shumlyany,Q4527801
39,43226227,Murafa River,Q3487209
40,43411306,Velyka Novosilka,Q4106309
41,6862165,"Zavodske, Poltava Oblast",Q269438
42,37424459,Yabluniv,Q2619337
43,34079262,Timofey Lapshin,Q973278
44,47548062,Pyshkivtsi,Q4385449
45,12528374,Vyshnivchyk,Q4112760
46,5247741,Lypivka,Q3317668
0,33130886,Lesser Kuril Ridge,Q2093721
1,3716469,Black Sea Germans,Q704858
2,44966595,"Kolodiivka, Ivano-Frankivsk Oblast",Q4228167
3,44322496,Mavkovychi,Q4273806
4,45704762,Buchaly,Q4100608
5,38721859,Volytsia-Polova,Q4123182
6,46341378,Ternavka,Q4455965
7,39098367,Red Cossacks,Q4512183
8,6873845,Pidhorodne,Q639442
9,23387110,Stanislavchyk,Q4439414
10,25099566,Lunka,Q4269495
11,44588430,"Hvardiiske, Novomoskovsk Raion",Q3143543
12,43125393,Staryiy Yarychiv,Q4441174
13,19035269,"Mszana, Podkarpackie Voivodeship",Q6930222
14,19684453,Załuż,Q2439499
15,28733721,"Rotari, Transnistria",Q1994075
16,42277999,"Strointsi, Novoselytsia Raion",Q4444120
17,10818617,Bilozirka,Q4082469
18,43593461,Borshchovychi,Q4094906
19,16185438,Marianivka,Q1294896
20,1208673,Bogdan,Q1065625
21,18615337,"Łany, Krasnystaw County",Q742483
22,34552962,Kozliv,Q2603063
23,28733751,Severinovca,Q2457204
24,34595523,Velyka Berezovytsia,Q2605719
25,4169951,Priest's Grotto,Q2914782
26,40434088,Horodyshche,Q219869
27,24028946,Names of Lithuanian places in other languages,Q4460817
28,43815881,Rodatychi,Q4395674
29,5953397,Kolomyia Raion,Q1035599
30,6337834,List of urban-type settlements in Ukraine by subdivision,Q7216840
31,47427280,"Zashkiv, Zhovkva Raion",Q821962
32,4077166,List of cities in Ukraine,Q200209
33,575646,State Anthem of Uzbekistan,Q120143
34,24143304,Velyki Birky,Q748781
35,43038369,Nahachiv,Q4311521
36,5516508,Borshchiv,Q148923
37,47784824,Basivka,Q4079125
38,47767725,Obroshyne,Q4329914
39,2666958,Khotin Uprising,Q2266337
40,45065301,Velyki Hrybovychi,Q4106392
41,46739730,Kachanivka,Q798615
42,28666608,Hegewald (colony),Q822883
43,47784045,Administrative divisions of Lviv Oblast,Q12076811
44,45369096,Kernytsia,Q4219661
45,43245664,Zubra River,Q12107177
46,23387183,Sukhovolia,Q4447163
0,27946227,Dobrosin,Q3033414
1,9345749,List of Ukrainian films,Q6601339
2,564479,Ostropol,Q1012604
3,6862165,"Zavodske, Poltava Oblast",Q269438
4,45525424,"Spas, Kamianka-Buzka Raion",Q4430767
5,19035589,"Sieniawa, Krosno County",Q7511080
6,18523260,"Andrzejówka, Hrubieszów County",Q4759765
7,13231935,"Semenivka, Chernihiv Oblast",Q149155
8,44612109,Dubanevychi,Q4169060
9,19037890,"Borki, Podkarpackie Voivodeship",Q4945631
10,38239187,Vovkovyntsi,Q1973699
11,741826,Administrative divisions of the Altai Republic,Q1062975
12,38493026,Vinkivtsi,Q2391347
13,19037665,"Rogóźnia, Podkarpackie Voivodeship",Q547266
14,6874041,Dunaivtsi,Q219767
15,48814339,Hnizdychne,Q4140660
16,18639228,"Bodaki, Podlaskie Voivodeship",Q4936389
17,43097664,"Yampil, Donetsk Oblast",Q4537719
18,39547775,Kuzmin (surname),Q15411409
19,14102318,Pidhirtsi,Q1012599
20,46241747,Uhry,Q6688681
21,8873544,Nagórzany,Q2478772
22,44589425,Shklo,Q1973743
23,38239316,Lozove,Q1973710
24,39416115,Zakharivka Raion,Q956385
25,9036900,Zagórz,Q1946049
26,38721859,Volytsia-Polova,Q4123182
27,6337834,List of urban-type settlements in Ukraine by subdivision,Q7216840
28,6874416,Zhdanivka,Q2354450
29,44974657,"Zavadiv, Stryi Raion",Q4182830
30,4077166,List of cities in Ukraine,Q200209
31,6863633,Sudova Vyshnia,Q1026911
32,19035856,Roztoki Górne,Q7375439
33,44500956,"Hradivka, Lviv Oblast",Q4147417
34,36218304,Pykulovychi,Q4362641
35,46537601,"Krasne, Turka Raion",Q4238640
36,46739730,Kachanivka,Q798615
37,23387183,Sukhovolia,Q4447163
38,19758407,Zadwórze,Q2061511
0,45517861,"Lavriv, Staryi Sambir Raion",Q4252233
1,7671330,Mezhyrich,Q959420
2,39433774,Bilohiria,Q2630044
3,19033609,"Chorzów, Podkarpackie Voivodeship",Q5105308
4,39458361,Hrytsiv,Q1973720
5,19032871,"Boratyn, Podkarpackie Voivodeship",Q4944316
6,5238409,Bila Krynytsia,Q359153
7,72502,Babi Yar,Q48766
8,6699841,Vladimir Bougrine,Q7938283
9,3903157,Trukhaniv Island,Q2992707
10,4426880,Pidhaitsi,Q149170
11,19036731,Moszczanica,Q11786040
12,44418858,Korchyn (Skole Raion),Q4234495
13,30870360,Pluzhne,Q2672482
14,18472959,Studzianka,Q3472577
15,6863704,Novoselytsia,Q149030
16,22130150,FC Druzhba Maykop,Q2914929
17,1453988,Buzhans,Q1017293
18,27764997,"Mynkivtsi, Dunaivtsi Raion",Q2089710
19,6108490,Surazh,Q196516
20,38763403,Hirka Polonka,Q4146122
21,43097664,"Yampil, Donetsk Oblast",Q4537719
22,24157940,Velyki Korovyntsi,Q2670469
23,2016410,"Ukrainian Platform ""Sobor""",Q1770215
24,23387046,Ponykovytsia,Q4371878
25,34165502,Velyki Berezhtsi,Q4106383
26,49979646,Russian Embassy School in Berlin,
27,40434088,Horodyshche,Q219869
28,24089681,Vakulenchuk,Q2670240
29,38721859,Volytsia-Polova,Q4123182
30,6337834,List of urban-type settlements in Ukraine by subdivision,Q7216840
31,43715768,Karpylivka,Q4215737
32,29227478,"Pavliv, Radekhiv Raion",Q4341576
33,4077166,List of cities in Ukraine,Q200209
34,19037899,"Dąbrówka, Nisko County",Q5320791
35,2309176,List of heroes of Ukraine,Q2033554
36,36362850,Zhmaylo uprising,Q3544088
37,43221240,Administrative divisions of Volyn Oblast,Q12076867
38,40224447,"Romanivka, Bereznehuvate Raion",Q4397265
39,13245467,Kozyn,Q2371676
40,50651610,Sudylkiv,Q4445436
41,19684452,"Zabłotce, Sanok County",Q8063687
42,35537048,Batiovo,Q810842
43,24047769,Kornyn (UTS),Q2980432
44,901495,Mykolaiv,Q41572
45,1586060,Cucuteni-Trypillian culture,Q1162419
0,19016863,"Ropa, Lesser Poland Voivodeship",Q2194430
1,13755990,Jastrzębia,Q396761
2,17105160,Țipala,Q2442467
3,2309176,List of heroes of Ukraine,Q2033554
4,13767988,Łomnica,Q138154
5,406949,Slobozia,Q215723
6,19019859,Siepraw,Q2080813
7,18669259,Nowy Borek,Q7066947
8,906597,Taraclia,Q2006121
9,19008356,Aleksandria,Q16032093
10,23502104,Horodca,Q768278
11,6897796,Ruseni,Q1128021
12,21262926,Ożarowice,Q999503
13,6738121,Ștefănești,Q353608
14,19020185,Mszalnica,Q6930218
15,18329295,Upper Trajan's Wall,Q7898966
16,23453038,Kamianka-Buzka Raion,Q2600293
17,19684302,Matysówka,Q6792064
18,19018571,Kasinka Mała,Q2144113
19,14757502,Wiśniowa,Q396594
20,23920388,Novi Bilokorovychi,Q2629639
21,6737375,Drăgușeni,Q442707
22,19028591,Koźmice Wielkie,Q6435670
23,22276536,Kraków metropolitan area,Q18763128
24,14228781,Lubień,Q1212258
25,19036305,Łętownia,Q8081381
26,2574933,Dębno,Q335446
27,18524087,"Wiśniów, Lublin Voivodeship",Q8028880
28,14094138,Jaszkowa Dolna,Q842995
29,24507799,Delacău,Q3704891
30,14229735,Siedliska,Q1216117
31,14934306,Rudnik,Q357287
32,463454,Urban-type settlement,Q2989457
33,19021633,Łobzów,Q9394238
34,19016079,"Cynków, Lublin Voivodeship",Q5199953
35,7185770,Ștefan Vodă,Q1982983
36,6337834,List of urban-type settlements in Ukraine by subdivision,Q7216840
37,24550185,Olănești,Q527946
38,43715768,Karpylivka,Q4215737
39,14754314,Mysłaków,Q6949080
40,17352499,Kłaj,Q509317
41,6898092,Ursoaia,Q1241062
42,24550248,Copceac,Q3690925
43,24550365,Antonești,Q597120
44,14088153,Olszyny,Q1215697
45,6896492,Geamăna,Q1239745
46,19028443,"Spytkowice, Wadowice County",Q2799719
47,16656996,Cioburciu,Q1240541
48,25218008,Sagaidac,Q1982766
49,23460950,Fîrlădeni,Q400469
0,37474127,Ukrainian National transliteration,Q17039352
1,23574368,Pelivan,Q1987872
2,46453613,Kusnyshcha,Q4249258
3,1406269,Chief Directorate of Intelligence of the Ministry of Defence of Ukraine,Q2497240
4,22193350,Speia,Q7575757
5,23920425,Myroliubiv,Q2670481
6,1843601,Radyvyliv,Q1020069
7,19036438,Polanka Horyniecka,Q644198
8,6898199,Tabăra,Q1128797
9,19036392,Nowy Lubliniec,Q117606
10,50344329,Povorsk,Q933619
11,34662004,Orzhiv,Q2993525
12,6889176,Bălțata,Q1021967
13,25217674,Coșernița,Q537828
14,24047671,"Kamianyi Brid, Baranivka Raion",Q2657922
15,18788074,Ministry of Foreign Affairs (Ukraine),Q4294403
16,6215596,Mălăiești,Q362617
17,23366433,Kovpyn Stavok,Q4228677
18,6875509,"Iziaslav, Ukraine",Q841029
19,16185438,Marianivka,Q1294896
20,19038813,"Zarzecze, Przeworsk County",Q2200930
21,36482816,Zorya (album),Q8074532
22,6874721,Sosnivka,Q1020055
23,34673335,Smyha,Q2473563
24,25217758,Hîrtopul Mare,Q1983565
25,6337834,List of urban-type settlements in Ukraine by subdivision,Q7216840
26,43715768,Karpylivka,Q4215737
27,23561728,Ratuș,Q2452776
28,6889919,Cișmea,Q1094579
29,5623677,Boyuk Zira,Q2223683
30,23574835,"Seliște, Orhei",Q2447106
31,43221240,Administrative divisions of Volyn Oblast,Q12076867
32,24057727,Aleksei Lopatin,Q4715839
33,23574616,Chiperceni,Q2445392
34,12725288,"Dubove, Tiachiv Raion",Q908208
35,27988615,Vărzăreștii Noi,Q2453850
36,6861822,Shumsk,Q219601
37,25217646,Izbiște,Q2439139
38,6738267,Todirești,Q409758
0,8365073,Huta Brzuska,Q8455158
1,19031671,Bereżki,Q4891368
2,18639294,Starowieś,Q5743358
3,19016361,"Słupiec, Lesser Poland Voivodeship",Q7667502
4,11761096,Orlivka,Q2667556
5,12765311,Poienile de sub Munte,Q12149439
6,19038758,Jagiełła,Q2683394
7,46511365,Ratne,Q1385480
8,4479595,Krasnoturyinsk,Q155767
9,24035648,Horodnytsia (UTS),Q2670476
10,19848641,Belgrade Zoo,Q625610
11,23561530,Hârtop,Q1291732
12,34662257,Rafalivka,Q2670231
13,23453038,Kamianka-Buzka Raion,Q2600293
14,18640949,"Zabłocie, Hajnówka County",Q952880
15,18657214,Rozkopaczew,Q1860696
16,18524001,"Antoniówka, Krasnystaw County",Q4777155
17,19946647,"Stara Huta, Volyn Oblast",Q2066184
18,34618382,Klesiv,Q2993549
19,26694441,Southern Railways (Ukraine),Q4533925
20,48011696,The Voice of Azerbaijan,Q21127551
21,1436319,Khotyn,Q45883
22,23315936,Bronytsia,Q4097008
23,23384339,Zalissia,Q4185262
24,50344526,Kolky,Q1010088
25,25156015,Mihailovca,Q3857313
26,74604,Rzeszów,Q598
27,11469726,Poliske,Q428666
28,6873891,"Horodok, Khmelnytskyi Oblast",Q219856
29,19002215,Czarna,Q527444
30,19036785,"Mielnik, Podkarpackie Voivodeship",Q3177063
31,20912761,"Selets, Drohobych Raion",Q1567716
32,40434088,Horodyshche,Q219869
33,23723,Poznań,Q268
34,6337834,List of urban-type settlements in Ukraine by subdivision,Q7216840
35,43715768,Karpylivka,Q4215737
36,162243,"Brest, Belarus",Q140147
37,13487582,Artur Kyshenko,Q1194418
38,19684453,Załuż,Q2439499
39,19035686,Glinne,Q5569741
40,43669696,Territorial defence battalions (Ukraine),Q17622327
41,8642849,Ozero,Q4332090
42,19327899,Czerce,Q2541949
43,22403198,Cioc-Maidan,Q2639022
44,43221240,Administrative divisions of Volyn Oblast,Q12076867
45,6668991,Ruda,Q226340
46,19953143,Kysorychi,Q4222293
0,3716469,Black Sea Germans,Q704858
1,2879020,Kostiantynivka,Q165243
2,6737375,Drăgușeni,Q442707
3,24826499,Țareuca,Q2446817
4,24818307,"Rădeni, Strășeni",Q2449770
5,1098481,Pașcani,Q736305
6,22193350,Speia,Q7575757
7,23519324,Durlești,Q2708692
8,13231935,"Semenivka, Chernihiv Oblast",Q149155
9,2807405,Criuleni,Q997029
10,3069197,Azov Cossack Host,Q2593272
11,23502436,Pereni,Q967848
12,24814996,Vărăncău,Q1240605
13,28205709,Vladimirovca,Q2457159
14,23561364,Tîrșiței,Q2452868
15,6738121,Ștefănești,Q353608
16,28139374,Teiu,Q362250
17,23561310,Brînzenii Noi,Q2452276
18,23519383,Frunză,Q2377728
19,23553393,Șipca,Q8082536
20,28733699,Podoima,Q2457255
21,23003450,Granite-steppe lands of Buh,Q4147867
22,2428688,Lunga,Q412450
23,255578,Dobruja,Q182660
24,6215596,Mălăiești,Q362617
25,23165783,Gordinești,Q1206011
26,11047709,Tîrnauca,Q266957
27,28715944,Tîrgul Vertiujeni,Q2441241
28,6897145,Plopi,Q415735
29,23574707,Ivancea,Q2447578
30,24814504,Nimereuca,Q2446124
31,23568447,Hulboaca,Q371994
32,42617684,Oleksandrivka,Q1218961
33,27988707,Temeleuți,Q3983085
34,4934478,Prayer of Saint Ephrem,Q4300429
35,6337834,List of urban-type settlements in Ukraine by subdivision,Q7216840
36,24815044,"Vărăncău, Soroca",Q1990887
37,21186044,"Voznesenka, Alaska",Q3563458
38,6737819,Salcia,Q417717
39,57644,Sofia,Q472
40,24576844,Cărbuna,Q615562
41,28139362,"Teiu, Transnistria",Q1994786
42,28715819,Cernița,Q1984511
43,16656996,Cioburciu,Q1240541
44,23553373,Șestac,Q1991175
45,2392560,Brănești,Q353272
46,23460950,Fîrlădeni,Q400469
0,45031556,Bilenke Pershe,Q4081841
1,3716469,Black Sea Germans,Q704858
2,2378869,History of the Jews in Hungary,Q469544
3,23920425,Myroliubiv,Q2670481
4,3069197,Azov Cossack Host,Q2593272
5,12468938,Ivchenko-Progress,Q1676085
6,23453038,Kamianka-Buzka Raion,Q2600293
7,30155283,Sukhyi Estuary,Q1978769
8,1261408,Kamianske,Q156719
9,44975619,"Lisne, Crimea",Q4259618
10,23923297,Pershotravneve,Q2670465
11,27364929,List of compositions by Mikhail Glinka,Q6612956
12,34447386,Mykolaivka,Q16461831
13,6853011,Kerch Peninsula,Q2084527
14,36482816,Zorya (album),Q8074532
15,10855812,"Michałówka, Biała Podlaska County",Q3924554
16,6861895,Kivertsi,Q148890
17,39416115,Zakharivka Raion,Q956385
18,42617684,Oleksandrivka,Q1218961
19,700608,Yuzhnoye Design Office,Q618898
20,6337834,List of urban-type settlements in Ukraine by subdivision,Q7216840
21,48416323,"Vilcha, Kiev Oblast",Q4111379
22,42634387,"Petrivka, Kiev",Q4361001
23,37818514,"Prymorske, Kiliya Raion",Q339707
24,5623677,Boyuk Zira,Q2223683
25,30015245,Nadlymanske,Q4311994
26,11046607,Popencu,Q1995728
27,25020717,Union of Young Fascists – Vanguard (girls),Q6639564
28,1508088,Slavo-Serbia,Q377414
0,3716469,Black Sea Germans,Q704858
1,10406355,Vynohradar,Q4111662
2,5473263,Dnieper Reservoir,Q2381584
3,6873946,Berezan,Q760555
4,37737907,Immanuel Winkler,Q118028
5,23453038,Kamianka-Buzka Raion,Q2600293
6,8120860,FC Spartak Sumy,Q2036012
7,48861261,Troitske,Q4463595
8,30076558,Tsebrykove,Q169520
9,6861968,Vasylivka,Q712272
10,23923297,Pershotravneve,Q2670465
11,32528136,List of poems by Ivan Bunin,Q6634074
12,27064027,Novofedorivka,Q3892437
13,38761802,"Blahodatne, Cherkasy Oblast",Q4507155
14,44890485,"Shchaslyve, Boryspil Raion",Q2074548
15,43274223,Stepanivka,Q4441911
16,23003450,Granite-steppe lands of Buh,Q4147867
17,969201,Fontanka River,Q590237
18,50563194,Velyka Mykhailivka,Q2652157
19,3325822,SC Tavriya Simferopol,Q326156
20,6874406,Kaharlyk,Q1947441
21,30688373,Vyhoda,Q1026936
22,28741289,Crasnencoe,Q1995737
23,45117323,"Dolynske, Zaporizhia Raion",Q4165026
24,28739868,Carmanova,Q2392605
25,42617684,Oleksandrivka,Q1218961
26,6337834,List of urban-type settlements in Ukraine by subdivision,Q7216840
27,34713235,Chornomorske,Q1555482
28,42634387,"Petrivka, Kiev",Q4361001
29,2396068,Slava Medvedenko,Q2447400
30,16507646,List of churches in Moscow,Q1841440
31,6873683,Novoukrainka,Q591863
32,46537601,"Krasne, Turka Raion",Q4238640
33,11046607,Popencu,Q1995728
34,44956022,"Dachne, Sudak Municipality",Q4155446
35,49647671,Berezanka,Q2571922
36,4050485,Preobrazhenskoye Cemetery,Q2108769
0,28642650,Freemasonry in Ukraine,Q5501068
1,43433838,Vynohradne,Q3891224
2,41380662,Zatyshshia,Q2473528
3,14522655,Zlatnite Mostove,Q8073027
4,3136521,Subdivisions of Kiev,Q4057659
5,37868929,"Pryozerne, Kiliya Raion",Q658267
6,13231935,"Semenivka, Chernihiv Oblast",Q149155
7,41768000,Olena Sibiriakova,Q4418374
8,9376838,Kryvyi Rih International Airport,Q111731
9,48861261,Troitske,Q4463595
10,928268,Brody,Q465104
11,36173353,Pylyp Morachevskyi,Q4302360
12,27979852,Vovcha River (Samara),Q2993908
13,19016994,"Czarna, Lesser Poland Voivodeship",Q5201537
14,5516397,"Pokrov, Dnipropetrovsk Oblast",Q639476
15,19037890,"Borki, Podkarpackie Voivodeship",Q4945631
16,43442634,"Kuibysheve, Yalta",Q4245600
17,50700038,"Kovalivka, Vasylkiv Raion",Q4225638
18,4050485,Preobrazhenskoye Cemetery,Q2108769
19,23003450,Granite-steppe lands of Buh,Q4147867
20,1213970,Rivne,Q156739
21,6004149,Buh Cossacks,Q2392529
22,16185438,Marianivka,Q1294896
23,34447386,Mykolaivka,Q16461831
24,16261320,"Pokrovka, Kyrgyzstan",Q2544004
25,45117323,"Dolynske, Zaporizhia Raion",Q4165026
26,39416115,Zakharivka Raion,Q956385
27,50625193,Shyriaieve,Q2993511
28,42617684,Oleksandrivka,Q1218961
29,6337834,List of urban-type settlements in Ukraine by subdivision,Q7216840
30,18639109,Łoknica,Q5742834
31,44956181,"Hromivka, Crimea",Q4150240
32,49693684,Olshanske,Q3656024
33,42634387,"Petrivka, Kiev",Q4361001
34,30145893,Tuzly Lagoons,Q6979546
35,29237271,Shyrokolanivka,Q4524455
36,25020717,Union of Young Fascists – Vanguard (girls),Q6639564
0,34713280,Rozdolne,Q2506771
1,23920425,Myroliubiv,Q2670481
2,49763894,Voskresenske,Q3656126
3,13231935,"Semenivka, Chernihiv Oblast",Q149155
4,6861944,Huliaipole,Q640649
5,9376838,Kryvyi Rih International Airport,Q111731
6,7487030,Cigeľka,Q852330
7,42969106,Vidradne (urban-type settlement),Q3890332
8,6861968,Vasylivka,Q712272
9,30313535,Dalgopol Municipality,Q2609410
10,45029799,Avhustynivka,Q4055474
11,21159860,List of extreme points of Ukraine,Q2615987
12,5516397,"Pokrov, Dnipropetrovsk Oblast",Q639476
13,6160283,Inhulets River,Q1331959
14,38763320,"Novotroitske, Kherson Oblast",Q2010769
15,18524001,"Antoniówka, Krasnystaw County",Q4777155
16,49837639,Tokarivka,Q3656018
17,10855812,"Michałówka, Biała Podlaska County",Q3924554
18,43274223,Stepanivka,Q4441911
19,6863193,Oleshky,Q207105
20,6874375,"Ukrainka, Kiev Oblast",Q47218
21,19035975,Rajskie,Q5191778
22,16185438,Marianivka,Q1294896
23,42925317,Bilozerka River,Q12086697
24,19038629,"Adamówka, Podkarpackie Voivodeship",Q2576202
25,34447386,Mykolaivka,Q16461831
26,14935877,Lama (Ukrainian band),Q13424654
27,42617684,Oleksandrivka,Q1218961
28,6337834,List of urban-type settlements in Ukraine by subdivision,Q7216840
29,9273873,"Shevchenkove, Shevchenkove Raion",Q1002607
30,12609094,Pavel Tsvetkov,Q7155783
31,6861895,Kivertsi,Q148890
32,6861844,"Kalynivka, Vinnytsia Oblast",Q1020122
0,2879020,Kostiantynivka,Q165243
1,38673896,"Dovzhok, Kamianets-Podilskyi Raion",Q4164874
2,12184877,Russian Cultural Centre (Lviv),Q1969074
3,5238409,Bila Krynytsia,Q359153
4,48861261,Troitske,Q4463595
5,19848641,Belgrade Zoo,Q625610
6,6874793,Tavriysk,Q760227
7,27142901,Studena Point,Q886619
8,37935732,List of fish in Ukraine,Q1033894
9,24738195,Taras Voznyak,Q551881
10,49667920,Domanivka,Q2000489
11,24620252,Hristoforovca,Q5923820
12,16297002,Liubashivka,Q1866731
13,6337834,List of urban-type settlements in Ukraine by subdivision,Q7216840
14,4102025,Torez,Q162084
15,36460239,Mikhail Frunze (ship),Q1328239
16,38815634,"Hornostaivka, Novotroitske Raion",Q4144643
17,15939991,Serboi,Q11774548
18,488346,Tuvan language,Q34119
19,45117323,"Dolynske, Zaporizhia Raion",Q4165026
20,45416227,Bilyne,Q4081954
21,42617684,Oleksandrivka,Q1218961
22,49750264,Vradiivka,Q1997201
23,5953397,Kolomyia Raion,Q1035599
24,22614260,Nekade Vo Nokta,Q6989786
25,44248449,Timeline of the war in Donbass (July–September 2014),Q18394477
26,4107719,Vysokaye,Q956627
27,24867565,Kodyma River,Q2998342
28,1205639,Gammalsvenskby,Q629511
29,28666608,Hegewald (colony),Q822883
30,6862191,Ananyiv,Q485891
31,49652085,Bereznehuvate,Q2446166
32,24420832,List of twin towns and sister cities in Ukraine,Q1304069
0,3716469,Black Sea Germans,Q704858
1,31015356,Shtrafbat,Q17053749
2,39098367,Red Cossacks,Q4512183
3,13231935,"Semenivka, Chernihiv Oblast",Q149155
4,46498308,Dolynіvka,Q4165001
5,23920425,Myroliubiv,Q2670481
6,6861949,Kamianka-Dniprovska,Q760594
7,6862899,Ternivka,Q574421
8,45405988,Zhabokrych,Q4177731
9,28738392,Țîbuleuca,Q1994846
10,19017058,Uście Gorlickie,Q3496250
11,12813878,Alexandr Guristyuk,Q4152405
12,49659275,Bratske,Q2453553
13,7041972,Tartak,Q732479
14,6863704,Novoselytsia,Q149030
15,6862266,Novyi Buh,Q889563
16,10855812,"Michałówka, Biała Podlaska County",Q3924554
17,50694039,Blahodatne,Q4180935
18,28733721,"Rotari, Transnistria",Q1994075
19,8265061,"Olhopil, Vinnytsia Oblast",Q393307
20,44020438,Budi dijete na jedan dan,Q18210491
21,34447386,Mykolaivka,Q16461831
22,28741289,Crasnencoe,Q1995737
23,49638454,Arbuzynka,Q2374956
24,39416115,Zakharivka Raion,Q956385
25,6337834,List of urban-type settlements in Ukraine by subdivision,Q7216840
26,3147716,Roman Shukhevych,Q463766
27,46193861,Russia–Ukraine barrier,Q18560239
28,9273873,"Shevchenkove, Shevchenkove Raion",Q1002607
29,19758404,Wojtkówka,Q8029295
30,28733685,Hrușca,Q2455579
31,49716417,Yelanets,Q2000479
32,39127859,National Container Company,Q1972634
33,49810013,Pidhorodna,Q3656035
34,44955876,"Vesele, Sudak Municipality",Q3920760
0,3716469,Black Sea Germans,Q704858
1,19684409,"Dobra, Sanok County",Q1827657
2,4558645,Pljeskavica,Q2089716
3,3895771,Zvenyhorodka,Q219836
4,45030585,Ivano-Hannivka,Q7265163
5,4426880,Pidhaitsi,Q149170
6,28205709,Vladimirovca,Q2457159
7,18436042,Pohrebyshche Raion,Q213166
8,6862000,Andrushivka,Q148909
9,21159860,List of extreme points of Ukraine,Q2615987
10,7237293,Berezhany Raion,Q2995500
11,32152267,Juninho Quixadá,Q6313118
12,6863704,Novoselytsia,Q149030
13,1190143,Annopol,Q567332
14,45051095,Balabyne,Q2470191
15,6337834,List of urban-type settlements in Ukraine by subdivision,Q7216840
16,34447386,Mykolaivka,Q16461831
17,11046607,Popencu,Q1995728
18,45245048,"Teplychne, Zaporizhia",Q4455238
19,1213970,Rivne,Q156739
20,16185438,Marianivka,Q1294896
21,1208673,Bogdan,Q1065625
22,6873891,"Horodok, Khmelnytskyi Oblast",Q219856
23,14947684,Caul fat,Q662490
24,6862017,Lebedyn,Q476688
25,45117323,"Dolynske, Zaporizhia Raion",Q4165026
26,36564506,City of regional significance (Ukraine),Q5123999
27,5953397,Kolomyia Raion,Q1035599
28,45051453,Kushuhum,Q2022870
29,48416323,"Vilcha, Kiev Oblast",Q4111379
30,8364616,Dobrzanka,Q5286904
31,40224447,"Romanivka, Bereznehuvate Raion",Q4397265
32,49677260,"Kazanka, Ukraine",Q1011809
33,47392333,Yevhen Buket,Q3956309
34,5518320,Marhanets,Q610813
35,47010184,Tymanivka (Tulchyn Raion),Q4457323
0,37474127,Ukrainian National transliteration,Q17039352
1,43457167,Partyzanske,Q4345911
2,24035703,Hranitne (urban-type settlement),Q2980455
3,28642650,Freemasonry in Ukraine,Q5501068
4,43433838,Vynohradne,Q3891224
5,21159860,List of extreme points of Ukraine,Q2615987
6,18522273,"Malinówka, Chełm County",Q6743796
7,6916076,Novoazovsk Raion,Q2995136
8,1473127,Veliki Preslav,Q243616
9,36173353,Pylyp Morachevskyi,Q4302360
10,47358471,Shyrokyne,Q4524371
11,30313535,Dalgopol Municipality,Q2609410
12,15330448,Natalka Poltavka,Q624720
13,5591845,Military Institute of Telecommunications and Information Technologies,Q4114531
14,747557,Kalchik River,Q776961
15,23453038,Kamianka-Buzka Raion,Q2600293
16,11589130,Uzhhorod Raion,Q428958
17,38763320,"Novotroitske, Kherson Oblast",Q2010769
18,31046683,Sergey Ivanovich Smirnov,Q4424764
19,40364737,Novopoltavka,Q4325023
20,38761802,"Blahodatne, Cherkasy Oblast",Q4507155
21,8105526,Church of the Saviour at Berestove,Q2524402
22,45051453,Kushuhum,Q2022870
23,4050485,Preobrazhenskoye Cemetery,Q2108769
24,23003450,Granite-steppe lands of Buh,Q4147867
25,34447386,Mykolaivka,Q16461831
26,36482816,Zorya (album),Q8074532
27,1873579,Zaporizhia,Q157835
28,28741289,Crasnencoe,Q1995737
29,39416115,Zakharivka Raion,Q956385
30,6337834,List of urban-type settlements in Ukraine by subdivision,Q7216840
31,48416323,"Vilcha, Kiev Oblast",Q4111379
32,30056092,Cherkasy Raion,Q2342372
33,18640702,Borysówka,Q4946893
34,6874634,"Komsomolske, Donetsk Oblast",Q1025487
35,37818514,"Prymorske, Kiliya Raion",Q339707
36,6873683,Novoukrainka,Q591863
37,11046607,Popencu,Q1995728
38,6862842,"Kirovske, Donetsk Oblast",Q2496758
39,3773640,Administrative divisions of Khabarovsk Krai,Q2520659
0,3716469,Black Sea Germans,Q704858
1,34713280,Rozdolne,Q2506771
2,2879020,Kostiantynivka,Q165243
3,49207351,Ivan Komar,Q22246918
4,18523260,"Andrzejówka, Hrubieszów County",Q4759765
5,5158298,Metalist Oblast Sports Complex,Q3585
6,43415204,Uspenka,Q4477943
7,616622,Andriy Shevchenko,Q41244
8,6861968,Vasylivka,Q712272
9,34743072,Oktiabrske,Q1984515
10,21159860,List of extreme points of Ukraine,Q2615987
11,6862899,Ternivka,Q574421
12,18524001,"Antoniówka, Krasnystaw County",Q4777155
13,41296405,Viktoria Shliakhova,Q16227646
14,10855812,"Michałówka, Biała Podlaska County",Q3924554
15,43274223,Stepanivka,Q4441911
16,50694039,Blahodatne,Q4180935
17,35325042,FK Gorno Lisiče,Q5426144
18,16185438,Marianivka,Q1294896
19,34447386,Mykolaivka,Q16461831
20,49022076,"Pisky, Yasynuvata Raion",Q4359633
21,43390829,"Molodetske, Shakhtarsk Raion",Q7224434
22,28741289,Crasnencoe,Q1995737
23,45117323,"Dolynske, Zaporizhia Raion",Q4165026
24,45419531,"Luhanske, Bakhmut Raion",Q4267941
25,11801169,BC Spartak Saint Petersburg,Q796205
26,39416115,Zakharivka Raion,Q956385
27,11002735,Krasna polyana,Q6436209
28,36431049,Chernihivske,Q5092052
29,6337834,List of urban-type settlements in Ukraine by subdivision,Q7216840
30,43442577,"Hirne, Yalta Municipality",Q4144593
31,30056092,Cherkasy Raion,Q2342372
32,24179704,Villa Armira,Q1892609
33,6873683,Novoukrainka,Q591863
34,19684461,"Rakowa, Podkarpackie Voivodeship",Q7286737
35,6863674,Blahovishchenske,Q1020103
36,44956022,"Dachne, Sudak Municipality",Q4155446
37,44955876,"Vesele, Sudak Municipality",Q3920760
38,5247741,Lypivka,Q3317668
0,50011732,Stryzhavka,Q1999944
1,4812603,Trostianets,Q606706
2,23388287,Syarhey Kislyak,Q2570259
3,380741,Pysanka,Q3233785
4,10875758,Mukacheve Raion,Q177141
5,651653,Desna River,Q202796
6,40098989,Teplyk,Q2473433
7,72502,Babi Yar,Q48766
8,24035648,Horodnytsia (UTS),Q2670476
9,283875,Bačka Palanka,Q477170
10,24315026,Paul Ulanowsky,Q7154106
11,44974480,"Kholodivka, Crimea",Q4499381
12,38754159,Yakymivka,Q1009558
13,37989443,Marble Cave (Crimea),Q1450358
14,33276983,Buky,Q2473493
15,10855812,"Michałówka, Biała Podlaska County",Q3924554
16,43274223,Stepanivka,Q4441911
17,50700038,"Kovalivka, Vasylkiv Raion",Q4225638
18,47447076,Lisove,Q1296596
19,753889,Chuvash language,Q33348
20,24620252,Hristoforovca,Q5923820
21,46348516,Stara Zhadova,Q4439678
22,38990587,Havryshivka Vinnytsia International Airport,Q4111595
23,44398499,"Sokyryntsi, Ternopil Oblast",Q4426913
24,43390829,"Molodetske, Shakhtarsk Raion",Q7224434
25,6861895,Kivertsi,Q148890
26,6337834,List of urban-type settlements in Ukraine by subdivision,Q7216840
27,5857454,Administrative divisions of Tambov Oblast,Q2520596
28,12810253,Novo Orahovo,Q1190133
29,36976323,Novgorodka,Q7064831
30,19363129,Germanism (linguistics),Q1163894
31,28733721,"Rotari, Transnistria",Q1994075
32,47392333,Yevhen Buket,Q3956309
33,46537601,"Krasne, Turka Raion",Q4238640
34,6861864,Lypovets,Q997549
0,34699024,Slawharad,Q614294
1,28642650,Freemasonry in Ukraine,Q5501068
2,4235623,Stebliv,Q1026920
3,9376838,Kryvyi Rih International Airport,Q111731
4,3069197,Azov Cossack Host,Q2593272
5,13545984,Kuryłówka,Q3077810
6,30845812,Kivshovata,Q4225915
7,18436042,Pohrebyshche Raion,Q213166
8,5689503,FC Lviv,Q1388961
9,39243823,Mohyliv-Podilskyi Raion,Q934698
10,6862899,Ternivka,Q574421
11,24047671,"Kamianyi Brid, Baranivka Raion",Q2657922
12,4050485,Preobrazhenskoye Cemetery,Q2108769
13,1388010,Makiivka,Q157134
14,16185438,Marianivka,Q1294896
15,30445087,Chaplynka,Q2658192
16,34447386,Mykolaivka,Q16461831
17,30056092,Cherkasy Raion,Q2342372
18,463454,Urban-type settlement,Q2989457
19,34360945,Tsvitkove,Q2022702
20,34362929,Vilshana,Q2022694
21,6337834,List of urban-type settlements in Ukraine by subdivision,Q7216840
22,18615716,"Olchowiec, Krasnystaw County",Q11797672
23,9146426,Berezniaky,Q4084550
24,9273873,"Shevchenkove, Shevchenkove Raion",Q1002607
25,5156185,Balakliia,Q986263
26,5473263,Dnieper Reservoir,Q2381584
27,19036704,Nowa Grobla,Q7065987
28,6215600,Tașlîc,Q2463853
29,6861844,"Kalynivka, Vinnytsia Oblast",Q1020122
30,6862842,"Kirovske, Donetsk Oblast",Q2496758
31,28981184,Luka (Srebrenica),Q332409
32,48346517,Heronymivka,Q4137482
33,43606844,Krynychky,Q572142
0,3032241,Stary Krym,Q576937
1,18523260,"Andrzejówka, Hrubieszów County",Q4759765
2,236549,Yalta,Q128499
3,48861261,Troitske,Q4463595
4,45030585,Ivano-Hannivka,Q7265163
5,46717354,Nich Yaka Misyachna,Q16709559
6,18640677,"Wojnówka, Podlaskie Voivodeship",Q5739035
7,6862771,Dobropillia,Q2415973
8,48745779,Zaitseve,Q4184477
9,624764,Kryvyi Rih,Q157137
10,6874416,Zhdanivka,Q2354450
11,34743072,Oktiabrske,Q1984515
12,19037890,"Borki, Podkarpackie Voivodeship",Q4945631
13,10855812,"Michałówka, Biała Podlaska County",Q3924554
14,43442634,"Kuibysheve, Yalta",Q4245600
15,43506112,Administrative divisions of Dnipropetrovsk Oblast,Q1850577
16,1208673,Bogdan,Q1065625
17,34447386,Mykolaivka,Q16461831
18,47162067,Sjedove,Q1039619
19,28741289,Crasnencoe,Q1995737
20,42617684,Oleksandrivka,Q1218961
21,6337834,List of urban-type settlements in Ukraine by subdivision,Q7216840
22,3578039,Illich Steel and Iron Works,Q4281587
23,44248449,Timeline of the war in Donbass (July–September 2014),Q18394477
24,42634387,"Petrivka, Kiev",Q4361001
25,28666608,Hegewald (colony),Q822883
26,28739868,Carmanova,Q2392605
27,39920436,Bohuslav,Q1936339
0,43687702,Starobesheve,Q4440090
1,4244254,Novyi Svit,Q388147
2,2030821,Angel wings,Q35056
3,37474127,Ukrainian National transliteration,Q17039352
4,7671330,Mezhyrich,Q959420
5,3889309,Svitlovodsk,Q1011435
6,6874000,Krasnohorivka,Q2415374
7,43415204,Uspenka,Q4477943
8,5386934,Amvrosiivka Raion,Q2994010
9,3471998,Vasyl Barvinsky,Q4078084
10,616622,Andriy Shevchenko,Q41244
11,28205709,Vladimirovca,Q2457159
12,38763320,"Novotroitske, Kherson Oblast",Q2010769
13,10855812,"Michałówka, Biała Podlaska County",Q3924554
14,43457305,Staromykhailivka,Q4440489
15,6874702,Rodynske,Q2416543
16,50694039,Blahodatne,Q4180935
17,45332869,Khlibnyi Dar,Q969947
18,8112825,Bulgarian conjugation,Q4996242
19,45117323,"Dolynske, Zaporizhia Raion",Q4165026
20,19036785,"Mielnik, Podkarpackie Voivodeship",Q3177063
21,42617684,Oleksandrivka,Q1218961
22,6337834,List of urban-type settlements in Ukraine by subdivision,Q7216840
23,30056092,Cherkasy Raion,Q2342372
24,13754598,Wierzchownia,Q9373351
25,11345301,Pavliš,Q634652
26,43411306,Velyka Novosilka,Q4106309
27,38815534,"Holovkivka, Oleksandriia Raion",Q4141953
28,44291928,Dokuchaievsk,Q2416554
29,44336641,Kurakhove,Q1023513
30,24420832,List of twin towns and sister cities in Ukraine,Q1304069
0,28733640,Caterinovca,Q2455548
1,18523260,"Andrzejówka, Hrubieszów County",Q4759765
2,13739699,Kamiani Potoky,Q4211228
3,23920425,Myroliubiv,Q2670481
4,37935732,List of fish in Ukraine,Q1033894
5,22945651,Mykhailo-Laryne,Q2498084
6,44293398,Vuhlehirsk,Q1025478
7,13133908,"Cherkaske, Dnipropetrovsk Oblast",Q2069630
8,44293252,Yunokomunarivsk,Q570563
9,3831007,Yasynuvata,Q1020077
10,1508088,Slavo-Serbia,Q377414
11,1416936,Korsun,Q419051
12,28724896,Lake Krasnoye (Chukotka),Q1786723
13,16220555,Maiac,Q2708425
14,44588430,"Hvardiiske, Novomoskovsk Raion",Q3143543
15,6337834,List of urban-type settlements in Ukraine by subdivision,Q7216840
16,22013765,Pervomaiske Raion,Q2353513
17,43442577,"Hirne, Yalta Municipality",Q4144593
18,24029562,Anna Orlik,Q4767385
19,28741289,Crasnencoe,Q1995737
20,28666608,Hegewald (colony),Q822883
21,19953143,Kysorychi,Q4222293
0,34607688,Zolotyi Potik,Q2602963
1,35806023,Kozelshchyna Raion,Q2567056
2,6874247,Petrovske,Q2415307
3,42091437,Volodymyr Shandra,Q4520029
4,42405125,"Kalininskyi District, Donetsk",Q4209625
5,46376536,Hradyzk,Q2011635
6,6874416,Zhdanivka,Q2354450
7,42401426,"Proletarskyi District, Donetsk",Q4380532
8,38761802,"Blahodatne, Cherkasy Oblast",Q4507155
9,10855812,"Michałówka, Biała Podlaska County",Q3924554
10,43274223,Stepanivka,Q4441911
11,50700038,"Kovalivka, Vasylkiv Raion",Q4225638
12,36148672,Urban districts of Ukraine,Q3565075
13,5262331,Administrative divisions of Omsk Oblast,Q2520579
14,48637599,Milan D. Kovačević,Q22018810
15,16185438,Marianivka,Q1294896
16,23986295,"Cherniakhiv, Zhytomyr Oblast",Q872377
17,19036785,"Mielnik, Podkarpackie Voivodeship",Q3177063
18,10906926,Hermanivka,Q4137286
19,39416115,Zakharivka Raion,Q956385
20,6337834,List of urban-type settlements in Ukraine by subdivision,Q7216840
21,33727481,Sofiyivka Raion,Q2995970
22,1873579,Zaporizhia,Q157835
23,45033096,"Prydniprovske, Zaporizhia Raion",Q4378143
24,6862842,"Kirovske, Donetsk Oblast",Q2496758
25,6769919,Administrative divisions of Voronezh Oblast,Q2520654
0,49472670,"Opytne, Yasynuvata Raion",Q4335583
1,18523260,"Andrzejówka, Hrubieszów County",Q4759765
2,43415204,Uspenka,Q4477943
3,45245048,"Teplychne, Zaporizhia",Q4455238
4,28205709,Vladimirovca,Q2457159
5,37941408,Natalia Parhomenko,Q6968059
6,6863254,Sukhodilsk,Q2354470
7,48909264,Uralo-Kavkaz,Q4476673
8,13842775,Starozakrevsky Maidan,Q4441094
9,10855812,"Michałówka, Biała Podlaska County",Q3924554
10,8105526,Church of the Saviour at Berestove,Q2524402
11,45051453,Kushuhum,Q2022870
12,43386984,Izvaryne,Q4198371
13,28738369,Dzerjinscoe,Q1994867
14,9148276,Shuliavska (Kiev Metro),Q1851611
15,43331083,Chornukhyne,Q4514209
16,2637552,Krasnodon,Q158053
17,45117323,"Dolynske, Zaporizhia Raion",Q4165026
18,40434088,Horodyshche,Q219869
19,39416115,Zakharivka Raion,Q956385
20,42617684,Oleksandrivka,Q1218961
21,33724125,Khoroshiv Raion,Q2494465
22,6337834,List of urban-type settlements in Ukraine by subdivision,Q7216840
23,6863752,Pryvillia,Q288160
24,48416323,"Vilcha, Kiev Oblast",Q4111379
25,5623677,Boyuk Zira,Q2223683
26,46537601,"Krasne, Turka Raion",Q4238640
27,1508088,Slavo-Serbia,Q377414
0,43663748,Krasna Talivka,Q4238074
1,5008470,Administrative divisions of Magadan Oblast,Q4057665
2,7671330,Mezhyrich,Q959420
3,23453038,Kamianka-Buzka Raion,Q2600293
4,19037731,"Mostki, Podkarpackie Voivodeship",Q6916961
5,34528398,Maria Boguslavka,Q2663334
6,19035589,"Sieniawa, Krosno County",Q7511080
7,13231935,"Semenivka, Chernihiv Oblast",Q149155
8,5158298,Metalist Oblast Sports Complex,Q3585
9,39098367,Red Cossacks,Q4512183
10,46246827,Taras Levkiv,Q12117405
11,43326718,Malaysia Airlines Flight 17,Q17374096
12,18436042,Pohrebyshche Raion,Q213166
13,21159860,List of extreme points of Ukraine,Q2615987
14,49695789,Trokhizbenka,Q4462761
15,28951857,Holijačka Luka,Q3033144
16,24157940,Velyki Korovyntsi,Q2670469
17,34430176,Terezyne,Q2670214
18,34447386,Mykolaivka,Q16461831
19,49022076,"Pisky, Yasynuvata Raion",Q4359633
20,19038813,"Zarzecze, Przeworsk County",Q2200930
21,14935877,Lama (Ukrainian band),Q13424654
22,28741289,Crasnencoe,Q1995737
23,4169951,Priest's Grotto,Q2914782
24,40434088,Horodyshche,Q219869
25,39416115,Zakharivka Raion,Q956385
26,6862050,Vorozhba,Q591794
27,34362929,Vilshana,Q2022694
28,6337834,List of urban-type settlements in Ukraine by subdivision,Q7216840
29,48416323,"Vilcha, Kiev Oblast",Q4111379
30,6874634,"Komsomolske, Donetsk Oblast",Q1025487
31,3903157,Trukhaniv Island,Q2992707
32,24867565,Kodyma River,Q2998342
33,966167,Crimean Khanate,Q160440
34,28666608,Hegewald (colony),Q822883
35,6862925,"Lyman, Ukraine",Q2234641
36,44955876,"Vesele, Sudak Municipality",Q3920760
0,44291053,Bilytske,Q2354480
1,23920425,Myroliubiv,Q2670481
2,47925700,Veselyi Podil Railway station,Q16694345
3,6705619,"Artemivsk, Luhansk Oblast",Q2350829
4,45314856,"Poliske, Narodychi Raion",Q12142115
5,6862771,Dobropillia,Q2415973
6,18436042,Pohrebyshche Raion,Q213166
7,2093281,Trypillia,Q2164939
8,15795817,Principality of Pereyaslavl,Q1261908
9,6873799,Bilozerske,Q2351983
10,4102025,Torez,Q162084
11,6863666,Oleksandrivsk,Q1945882
12,43442634,"Kuibysheve, Yalta",Q4245600
13,49979852,Rosava River,Q4397734
14,6862186,Berezivka,Q819103
15,34417452,Doslidnytske,Q4167187
16,38765997,Putrivka,Q4384391
17,9153162,Obolon (Kiev Metro),Q2635594
18,8760345,Ludwik Waryński,Q1875503
19,10855812,"Michałówka, Biała Podlaska County",Q3924554
20,28741289,Crasnencoe,Q1995737
21,34417514,Hrebinky,Q2578083
22,6861931,Polohy,Q368856
23,42617684,Oleksandrivka,Q1218961
24,23986295,"Cherniakhiv, Zhytomyr Oblast",Q872377
25,43442181,Danylivka,Q4154747
26,6337834,List of urban-type settlements in Ukraine by subdivision,Q7216840
27,4107719,Vysokaye,Q956627
28,13245467,Kozyn,Q2371676
29,33703277,Huyva River,Q2596695
30,47392333,Yevhen Buket,Q3956309
31,6861844,"Kalynivka, Vinnytsia Oblast",Q1020122
32,28733756,Slobozia-Rașcov,Q2457247
0,21159860,List of extreme points of Ukraine,Q2615987
1,18523260,"Andrzejówka, Hrubieszów County",Q4759765
2,13231935,"Semenivka, Chernihiv Oblast",Q149155
3,5394597,Bakhmut Raion,Q2993962
4,48745779,Zaitseve,Q4184477
5,44577832,Kriukivshchyna,Q4243199
6,12707752,Lozova Raion,Q2632343
7,18436042,Pohrebyshche Raion,Q213166
8,49095538,Olga Buzova,Q4098374
9,18474466,"Nowosiółki, Chełm County",Q7066859
10,6924207,Myronivka Raion,Q2997759
11,6874804,Zymohiria,Q1633740
12,11589130,Uzhhorod Raion,Q428958
13,6863582,Sviatohirsk,Q1020087
14,6705411,Publishing houses in the Soviet Union,Q17014605
15,50700038,"Kovalivka, Vasylkiv Raion",Q4225638
16,13133908,"Cherkaske, Dnipropetrovsk Oblast",Q2069630
17,36460239,Mikhail Frunze (ship),Q1328239
18,27238059,Yasna polyana,Q1683845
19,34447386,Mykolaivka,Q16461831
20,6922860,Ivankiv,Q797423
21,28741289,Crasnencoe,Q1995737
22,45419531,"Luhanske, Bakhmut Raion",Q4267941
23,44405616,Svitlodarsk,Q2493295
24,20760,Montenegro,Q236
25,6337834,List of urban-type settlements in Ukraine by subdivision,Q7216840
26,8750444,"Lenine, Crimea",Q1817745
27,18639294,Starowieś,Q5743358
28,29673794,Plošča Lienina (Minsk Metro),Q2368186
29,23366837,Lukashi,Q6701724
0,19684423,Markowce,Q2716364
1,9345749,List of Ukrainian films,Q6601339
2,18523260,"Andrzejówka, Hrubieszów County",Q4759765
3,13156817,Zubivka,Q19938802
4,19036729,Koziejówka,Q6435294
5,23387348,Yablunivka,Q4535867
6,40176642,Kniazhychi,Q4224885
7,46572781,Nyzhnye,Q4318779
8,40598947,Novi Petrivtsi,Q4326441
9,5903412,Velyki Sorochyntsi,Q1666449
10,6875652,"Kirovsk, Luhansk Oblast",Q2234599
11,6862950,Popasna,Q2350804
12,19037890,"Borki, Podkarpackie Voivodeship",Q4945631
13,28951857,Holijačka Luka,Q3033144
14,48836265,Svetlana Sagaydak,Q21746947
15,43097664,"Yampil, Donetsk Oblast",Q4537719
16,46348516,Stara Zhadova,Q4439678
17,25494770,Bilche Zolote,Q4086793
18,49022076,"Pisky, Yasynuvata Raion",Q4359633
19,38126086,Viktoriya Borshchenko,Q7929933
20,6337834,List of urban-type settlements in Ukraine by subdivision,Q7216840
21,6874786,Hirske,Q1004740
22,45053498,"Pryvitne, Zaporizhia Raion",Q4377809
23,42634387,"Petrivka, Kiev",Q4361001
24,19036482,"Borowa Góra, Podkarpackie Voivodeship",Q4946409
25,42960383,"Bilsk, Kotelva Raion",Q248095
26,43226227,Murafa River,Q3487209
27,38761994,"Parkhomivka, Krasnokutsk Raion",Q4346255
0,9345749,List of Ukrainian films,Q6601339
1,9694456,Hauganes,Q591322
2,6467023,Battle of Kruty,Q644021
3,4747003,Naajaat,Q1813347
4,4948045,Kriva Palanka Municipality,Q1422453
5,25354870,Uunarteq,Q2527977
6,29069955,Tussaaq Island,Q1131632
7,4746903,Kangerluk,Q2291039
8,43415204,Uspenka,Q4477943
9,8794836,Ikkatteq,Q1019108
10,6861968,Vasylivka,Q712272
11,23453038,Kamianka-Buzka Raion,Q2600293
12,2812118,Rusanivka,Q1993816
13,10855812,"Michałówka, Biała Podlaska County",Q3924554
14,7561872,KK Novi Sad,Q3191434
15,6863785,Monastyryshche,Q219820
16,27912321,Nutaarmiut,Q682285
17,19958431,Valery Gavrilin,Q429147
18,1388010,Makiivka,Q157134
19,6266163,Milove,Q290569
20,4746992,Innaarsuit,Q2045888
21,25517192,Yekaterina Fesenko,Q434408
22,44398499,"Sokyryntsi, Ternopil Oblast",Q4426913
23,6874721,Sosnivka,Q1020055
24,28740215,"Frunză, Transnistria",Q1994874
25,29317693,Alexander Veprik,Q2576459
26,18183737,Kjalarnes,Q3481804
27,39416115,Zakharivka Raion,Q956385
28,33579307,Svalbarðseyri,Q6529399
29,5953397,Kolomyia Raion,Q1035599
30,6337834,List of urban-type settlements in Ukraine by subdivision,Q7216840
31,43715768,Karpylivka,Q4215737
32,13487582,Artur Kyshenko,Q1194418
33,16014404,Borgarbyggð,Q893528
34,23148543,Ivan Mavrodi,Q12120201
35,45033217,"Ivanhorod, Zaporizhia Raion",Q4195684
36,7478647,Daumantas of Lithuania,Q638599
37,33115659,"Gharmen, Upper",Q5555777
38,11196494,Hrafnagil,Q3066377
39,17914346,Tálknafjörður,Q1337557
40,47784045,Administrative divisions of Lviv Oblast,Q12076811
41,45117323,"Dolynske, Zaporizhia Raion",Q4165026
42,28733756,Slobozia-Rașcov,Q2457247
0,23366505,Korolivka,Q4233914
1,24035703,Hranitne (urban-type settlement),Q2980455
2,4746586,Kitsissuarsuit,Q2337295
3,33724125,Khoroshiv Raion,Q2494465
4,34426797,Piskivka,Q4359719
5,1576150,Oleksandriia,Q156734
6,40506016,Myrotske,Q4296225
7,37560116,Sergey Shishkarev,Q4524729
8,31693394,Chornobai,Q2011669
9,31974909,Peremoha (Kharkiv Metro),Q4366196
10,23923297,Pershotravneve,Q2670465
11,4746889,Oqaatsut,Q1020079
12,19037890,"Borki, Podkarpackie Voivodeship",Q4945631
13,10855812,"Michałówka, Biała Podlaska County",Q3924554
14,43274223,Stepanivka,Q4441911
15,47926631,Kotelva,Q1958270
16,21747906,The White Caravan,Q4083127
17,18662935,Mikulicze,Q5739332
18,16989330,Kokhanovo Settlement Council,Q4236533
19,1208673,Bogdan,Q1065625
20,50720071,"Donets, Ukraine",Q4512408
21,31227642,Samosely,Q2346823
22,6873631,Vatutine,Q219591
23,18523260,"Andrzejówka, Hrubieszów County",Q4759765
24,6337834,List of urban-type settlements in Ukraine by subdivision,Q7216840
25,763517,Plurale tantum,Q138246
26,9273873,"Shevchenkove, Shevchenkove Raion",Q1002607
27,19036482,"Borowa Góra, Podkarpackie Voivodeship",Q4946409
28,24867565,Kodyma River,Q2998342
29,34426544,Nemishaieve,Q1992513
30,1278705,Qeqertarsuaq,Q847668
31,24989097,Akciabrski,Q2494383
32,6861844,"Kalynivka, Vinnytsia Oblast",Q1020122
33,6862925,"Lyman, Ukraine",Q2234641
34,19953143,Kysorychi,Q4222293
35,5247741,Lypivka,Q3317668
0,2879020,Kostiantynivka,Q165243
1,23923297,Pershotravneve,Q2670465
2,23453038,Kamianka-Buzka Raion,Q2600293
3,7685604,"Voloka, Hlyboka Raion",Q2091615
4,18523260,"Andrzejówka, Hrubieszów County",Q4759765
5,19036496,"Dąbrowa, Lubaczów County",Q577357
6,41768000,Olena Sibiriakova,Q4418374
7,3616773,Huta Pieniacka,Q1532930
8,13545984,Kuryłówka,Q3077810
9,48336556,Yaniv (village),Q2567788
10,28205709,Vladimirovca,Q2457159
11,18474466,"Nowosiółki, Chełm County",Q7066859
12,49522674,Tarasy,Q12160007
13,44968559,Frozen Stiff,Q574224
14,6861853,Illintsi,Q932248
15,38761802,"Blahodatne, Cherkasy Oblast",Q4507155
16,23384339,Zalissia,Q4185262
17,11469726,Poliske,Q428666
18,19038813,"Zarzecze, Przeworsk County",Q2200930
19,31227642,Samosely,Q2346823
20,13245313,Kotsiubynske,Q2026969
21,40434088,Horodyshche,Q219869
22,6337834,List of urban-type settlements in Ukraine by subdivision,Q7216840
23,48416323,"Vilcha, Kiev Oblast",Q4111379
24,3395,Gautama Buddha,Q9441
25,48719269,Dytiatky,Q571245
26,1374998,Petro Konashevych-Sahaidachny,Q1306345
27,46537601,"Krasne, Turka Raion",Q4238640
0,11761096,Orlivka,Q2667556
1,39518550,Terny,Q6701517
2,8120860,FC Spartak Sumy,Q2036012
3,22833573,Monastery of the Holy Archangels,Q1365953
4,23920425,Myroliubiv,Q2670481
5,3069197,Azov Cossack Host,Q2593272
6,30933532,Honcharivske,Q2473400
7,23366459,"Komarivka, Brody Raion",Q387134
8,24271493,Tulyholove,Q4465120
9,31974909,Peremoha (Kharkiv Metro),Q4366196
10,23453038,Kamianka-Buzka Raion,Q2600293
11,11589130,Uzhhorod Raion,Q428958
12,8018521,Brusyliv,Q4979823
13,43274223,Stepanivka,Q4441911
14,7115553,"Barda, Azerbaijan",Q842869
15,5516339,Bakhmach,Q149144
16,21747906,The White Caravan,Q4083127
17,19818432,Kirill Khaliavin,Q2067830
18,49022076,"Pisky, Yasynuvata Raion",Q4359633
19,28741289,Crasnencoe,Q1995737
20,45117323,"Dolynske, Zaporizhia Raion",Q4165026
21,40434088,Horodyshche,Q219869
22,9273873,"Shevchenkove, Shevchenkove Raion",Q1002607
23,42617684,Oleksandrivka,Q1218961
24,34362929,Vilshana,Q2022694
25,6337834,List of urban-type settlements in Ukraine by subdivision,Q7216840
26,27620737,Stepan Kozhumyaka,Q7608049
27,30056092,Cherkasy Raion,Q2342372
28,4077166,List of cities in Ukraine,Q200209
29,4107719,Vysokaye,Q956627
30,6470323,Kurin,Q1377228
31,16769137,Statistical regions of Macedonia,Q1416863
32,45221915,Boryslav Bereza,Q18346435
33,46537601,"Krasne, Turka Raion",Q4238640
34,44955876,"Vesele, Sudak Municipality",Q3920760
0,5857454,Administrative divisions of Tambov Oblast,Q2520596
1,43933659,Shabalyniv,Q4519039
2,44020438,Budi dijete na jedan dan,Q18210491
3,39098367,Red Cossacks,Q4512183
4,6874634,"Komsomolske, Donetsk Oblast",Q1025487
5,42634387,"Petrivka, Kiev",Q4361001
6,6862755,Avdiivka,Q791673
7,39418062,Derhachi Raion,Q2216295
8,41681640,Obrazhiivka,Q4329706
9,30674766,Bosnia Eyalet,Q2055400
10,18522273,"Malinówka, Chełm County",Q6743796
11,48861261,Troitske,Q4463595
12,48416323,"Vilcha, Kiev Oblast",Q4111379
13,23920425,Myroliubiv,Q2670481
14,11761096,Orlivka,Q2667556
15,5156384,Kupiansk,Q889555
16,6874457,Myronivka,Q2235493
17,8364616,Dobrzanka,Q5286904
18,6862186,Berezivka,Q819103
19,6337834,List of urban-type settlements in Ukraine by subdivision,Q7216840
0,35871383,"List of listed buildings in Comrie, Perth and Kinross",Q6625690
1,96540,Tara,Q737828
2,29081013,Murthly,Q6939737
3,11653054,Connah's Quay,Q3395452
4,584654,Tickhill,Q2299094
5,421395,North Caledonian Football League,Q16846238
6,612309,Amlwch,Q472667
7,5304865,List of countries by northernmost point,Q3252978
8,44050970,Svesa,Q637218
9,24210752,Paavo Vaskio,Q2153145
10,869029,Whaley Bridge,Q652597
11,2492365,Crossflatts,Q5188602
12,2187769,Inishmore,Q369318
13,39098367,Red Cossacks,Q4512183
14,31602414,Shieldhill,Q7496172
15,13890098,Toirdelbach,Q7813382
16,587189,Fenwick,Q450847
17,28837437,"Grey Mare's Tail, Kinlochmore",Q5608202
18,1033732,Rossington,Q955961
19,782848,Kilmacanogue,Q2546895
20,1771665,Sherburn-in-Elmet,Q761259
21,637463,Hetton-le-Hole,Q691566
22,1564659,Methven,Q145376
23,346376,Stanley,Q223915
24,22130150,FC Druzhba Maykop,Q2914929
25,3137702,"Madeley, Staffordshire",Q2438868
26,2062271,FC Inter Turku,Q222877
27,1735077,Haddington,Q1010026
28,11761096,Orlivka,Q2667556
29,4128953,Annagry,Q2078132
30,19713908,Kirkfieldbank,Q1013533
31,14003030,Muirhead,Q6933241
32,342997,Aston,Q649838
33,9693184,Penygroes,Q7165411
34,9667980,Casimir Ehrnrooth,Q5048800
35,13141381,Glan Conwy,Q5566589
36,475556,Marsh Lane,Q6773327
37,6337834,List of urban-type settlements in Ukraine by subdivision,Q7216840
38,28287576,R122 road (Ireland),Q7274384
39,28703049,Donaghpatrick,Q10992685
40,2280043,Dundonald,Q116756
41,350496,Alfreton,Q2462661
42,43097664,"Yampil, Donetsk Oblast",Q4537719
43,658089,Newtown St Boswells,Q917255
44,343951,Mayfield,Q358833
45,2097459,Skreen,Q1830879
46,7123473,Storeton,Q7619998
47,14586287,Alastaro Circuit,Q2623403
0,610405,Utsjoki,Q581920
1,178285,Fyresdal,Q1881
2,29140029,Jaunolaine Station,Q6164847
3,27831445,Polja,Q3395258
4,20653861,Augustenborg,Q4821083
5,22464769,Juoksengi,Q205769
6,779047,Jämijärvi,Q1009634
7,34093218,SPL Tampereen piiri,Q7392608
8,779510,Kalajoki,Q939758
9,49810882,Air-Sport Ajos,Q23133322
10,18394628,"Kalkūni, Latvia",Q5734017
11,23686715,Henningsvær,Q1605649
12,29128662,Riga–Lugaži Railway,Q553096
13,178096,Sveio,Q48518
14,26161687,Lihapiirakka,Q6304924
15,26064369,Vaalajärvi,Q7362220
16,38207838,Juutila Foundry,Q2949638
17,737926,List of Ramsar wetlands of international importance,Q2734015
18,8728694,Mauno Jokipii,Q251247
19,33976864,1938 Suomensarja – Finnish League Division 2,Q4564333
20,434694,Siljan,Q527575
21,783336,Padasjoki,Q1025720
22,178038,Dovre,Q486677
23,12970103,Päijänne Tavastia Aviation Museum,Q6305330
24,19694487,Vojakkala,Q7939819
25,29139922,Tīraine Station,Q7862594
26,10604694,Savia,Q1182129
27,782327,Konnevesi,Q687211
28,28564425,Kolari railway,Q2488789
29,22149527,Birzgale parish,Q2361051
30,779549,Karijoki,Q5991
31,1015061,Valle,Q246424
32,4853788,List of villages in Sør-Trøndelag,Q6644795
33,26065167,Leppävesi,Q5481857
34,662951,Pelkosenniemi,Q935869
35,25540457,Kurkimäki,Q3070041
36,10554683,Rahja,Q7283463
37,27879516,Avotu Iela,Q4829378
38,662959,Posio,Q530517
39,782241,Kihniö,Q990563
40,4130903,Løstad,Q1864663
41,34077642,SPL Keski-Pohjanmaan piiri,Q16850600
42,12631815,Oulu–Kontiomäki railway,Q6305457
43,22106412,Glūda parish,Q4140206
44,164917,List of dams and reservoirs,Q936881
45,913954,List of airports in Finland,Q1682374
46,44073962,Matti Luoma-aho,Q17382309
47,18435464,Vehmasmäki,Q7918624
48,662952,Pello,Q31331
49,22079792,Ķekava parish,Q8080295
0,4503120,Slyne-with-Hest,Q522607
1,24867565,Kodyma River,Q2998342
2,23146114,Brookhouse,Q16767702
3,38673896,"Dovzhok, Kamianets-Podilskyi Raion",Q4164874
4,26722321,Fårup Sommerland,Q125316
5,1606607,Esh Winning,Q5397758
6,1109043,Knott End-on-Sea,Q6423103
7,6635979,Ukrainian grammar,Q2474461
8,146813,Aabenraa Municipality,Q21152
9,45044468,"Vindinge, Roskilde Municipality",Q16325016
10,23920425,Myroliubiv,Q2670481
11,37764232,Thorning,Q173255
12,966583,T-VIS,Q600409
13,27918011,Poltava Airport,Q2558386
14,46534659,Ivashkivtsi,Q4197082
15,48824108,"Vejby, Gribskov Municipality",Q1876093
16,20330627,Danish national road 21,Q2271357
17,16248893,Askam and Ireleth,Q2256037
18,11074922,"Harrington, Cumbria",Q942084
19,15056827,Kas (cycling team),Q1734763
20,80269,Roskilde,Q26563
21,2145033,Crawcrook,Q5182778
22,47554445,Løgten,Q1865449
23,5516339,Bakhmach,Q149144
24,2388680,Holme-on-Spalding-Moor,Q3464028
25,48416323,"Vilcha, Kiev Oblast",Q4111379
26,6004149,Buh Cossacks,Q2392529
27,37629950,"Vynohrad, Lysianka Raion",Q46486
28,191648,LEM,Q13746778
29,6875019,"Turka, Ukraine",Q932234
30,45117323,"Dolynske, Zaporizhia Raion",Q4165026
31,463454,Urban-type settlement,Q2989457
32,39416115,Zakharivka Raion,Q956385
33,28512186,Outrup,Q2870915
34,5953397,Kolomyia Raion,Q1035599
35,6337834,List of urban-type settlements in Ukraine by subdivision,Q7216840
36,48208165,Hvidbjerg station,Q12317541
37,5857454,Administrative divisions of Tambov Oblast,Q2520596
38,31227642,Samosely,Q2346823
39,443476,Grange-over-Sands,Q1477163
40,2632465,Børkop Municipality,Q1020237
41,25469588,Højby,Q987338
42,3769353,Arniston,Q4794848
43,47392333,Yevhen Buket,Q3956309
44,2795793,Highfield,Q1437199
45,45059310,List of protected areas of Gribskov Municipality,Q21067745
46,4553711,Opachychi,Q7095519
0,22369607,Blomberg,Q235706
1,8366093,Hütten,Q352790
2,12241224,Breitenbach am Inn,Q700444
3,149340,Sisak,Q192119
4,11023659,Persenbeug-Gottsdorf,Q661843
5,3983040,Markethill,Q1501581
6,4321808,Bridge of Earn,Q1016971
7,6861947,Vilniansk,Q713225
8,13004788,Sankt Sebastian,Q680495
9,1514401,"Gedney, Lincolnshire",Q656139
10,12225884,Weer,Q595207
11,5680839,Deutschlandsberg District,Q660219
12,4119577,Heves County,Q191604
13,15790455,Neydens,Q770061
14,2526744,Newbuildings,Q619186
15,410318,Biggar,Q1208157
16,1195580,Burk,Q1016331
17,158327,Oud-Heverlee,Q746641
18,1094054,Richhill,Q2758057
19,26961665,Hillsborough,Q297164
20,4838148,Frisii,Q2769838
21,5904364,Falconara Marittima,Q124005
22,8369622,Kirknewton,Q6415791
23,6337834,List of urban-type settlements in Ukraine by subdivision,Q7216840
24,12241271,Radfeld,Q265412
25,49678703,Kryve Ozero,Q2453477
26,43097664,"Yampil, Donetsk Oblast",Q4537719
27,987636,Estella,Q3058885
28,367159,Barton-upon-Humber,Q809550
29,3980744,Maghaberry,Q2022663
30,380343,Kegworth,Q785918
31,5446009,Amstetten District,Q694449
32,3032217,St Monans,Q1011963
33,3855730,Drumaness,Q84101
34,1239738,Eggendorf,Q403240
35,1711643,Mihovljan,Q1209964
36,3258169,Omiš,Q397600
37,42053347,De Rooise Broek and De Scheeken,Q16973350
38,18949668,Law,Q7748
39,14834691,Rum,Q83376
40,8175731,Pottenstein,Q403688
41,196334,Sprundel,Q2489064
42,21302337,Inishowen Football League,Q6034058
43,4049569,Strathfoyle,Q2405964
44,8816689,Symington,Q1010921
45,443356,Blairgowrie,Q692531
46,4019987,Berg aan de Maas,Q2183938
0,1254496,Bösdorf,Q443586
1,15790124,Bellevaux,Q744160
2,17588876,List of windmills in Groningen,Q4044475
3,2739076,"List of cities, towns and villages in Friesland",Q6609562
4,15790101,Ayze,Q793308
5,144156,Mussel,Q15735642
6,13201567,Hohenkirchen,Q639915
7,10712422,Bonne,Q450983
8,15678768,Bout-du-Pont-de-Larn,Q1339750
9,3199017,Seedorf,Q233127
10,2933588,Saint-Pierre-d'Irube,Q197256
11,18625412,Kruszewo,Q2688395
12,15806785,Laroque,Q343532
13,11949986,Dünsen,Q638898
14,15917708,Sain-Bel,Q1388866
15,15314434,Montgaillard,Q354400
16,10049824,Dogern,Q632790
17,15568554,Saint-Agnant-de-Versillat,Q204110
18,13420483,Gremersdorf,Q523819
19,16038699,Llupia,Q189983
20,1381494,Saint-Sulpice,Q227765
21,13612513,Roques,Q348928
22,8748793,Aubin,Q258804
23,4140532,Wesenberg,Q360717
24,239502,Lindau,Q153969
25,22317008,Gracht,Q523166
26,121172,Ouderkerk,Q952166
27,18625690,Dobrzyniewo Duże,Q3033441
28,15790031,Allinges,Q655783
29,13446539,Bönebüttel,Q636514
30,13465078,Tüttendorf,Q557167
31,13516833,Les Salles-du-Gardon,Q376973
32,15675540,Saint-Julien-Mont-Denis,Q743875
33,16043347,Saint-Vite,Q1104322
34,13128585,Biendorf,Q671946
35,10051557,Klosterlechfeld,Q506065
36,11950016,Kirchseelte,Q639849
37,15794025,Saint-Jean-de-Moirans,Q1067807
38,13420564,Klein Offenseth-Sparrieshoop,Q533549
39,34845170,Wendorf,Q180024
40,13519815,Todendorf,Q523805
41,15675569,Viviers-du-Lac,Q549492
42,13420472,Altenkrempe,Q437358
43,13376558,Wesseln,Q528480
44,15931367,Les Martres-de-Veyre,Q1159666
45,11979052,Weste,Q680848
46,16043196,Penne-d'Agenais,Q225751
47,15743578,Saint-Magne-de-Castillon,Q667884
48,13476622,Nübel,Q670875
49,13402745,Kröppelshagen-Fahrendorf,Q555667
0,13388900,Verquin,Q1023456
1,1527931,Eisenhower Trophy,Q2351234
2,59727,Murcia,Q12225
3,13155978,San Andrés del Rabanedo,Q1615486
4,682329,List of postal codes in Spain,Q430067
5,13031430,Guarbecque,Q869339
6,15889758,Hargarten-aux-Mines,Q21760
7,8357688,List of social nudity places in Europe,Q5277855
8,29326696,Aguada de Cima,Q338043
9,3873435,Bousse,Q293962
10,1178406,Saint Clement,Q404704
11,300812,Bury,Q47822
12,23130752,SD Ponferradina B,Q7389522
13,2881331,Urretxu,Q904269
14,4118990,Bus (RATP),Q474674
15,15570829,Losne,Q16771
16,8608926,Etxeberria,Q636327
17,2881338,Villabona,Q672876
18,346944,List of television stations in Nevada,Q6642738
19,10454465,Foios,Q668117
20,5049092,Aigüestortes i Estany de Sant Maurici National Park,Q1470066
21,23550428,Hoyo de Manzanares,Q664769
22,15736080,Morancez,Q1141962
23,277235,San Blas,Q294829
24,15888823,Ay-sur-Moselle,Q21912
25,15886714,Richardménil,Q1096582
26,15706581,Le Coudray,Q1111032
27,11790731,Villenoy,Q1456243
28,15860878,Marcey-les-Grèves,Q687348
29,16038167,Rouxmesnil-Bouteilles,Q1172770
30,3056489,Vallegrande,Q735765
31,9578424,Bailly-Romainvilliers,Q250620
32,15806075,Villebarou,Q1169872
33,1220978,Hernani,Q354437
34,15889864,Illange,Q22922
35,6412124,Sant Vicenç de Montalt,Q12095
36,3537891,Vilagarcía de Arousa,Q1442637
37,6797924,Pinedo,Q349090
38,47840391,Pusey,Q362834
39,22784781,"Cincinnati, California",Q5120200
40,30488134,En Directo Desde el Otro Lado,Q5374966
41,13130934,Pont-à-Vendin,Q928920
42,15701617,Igoville,Q1073417
43,1053529,Vouvray,Q504953
44,1692604,L'Alfàs del Pi,Q619126
45,15883719,Blainville-sur-l'Eau,Q1085877
46,15589427,Dampierre-les-Bois,Q835893
47,22485005,UD Realejos,Q7864290
48,27155836,Cursa de Bombers,Q1144943
49,82732,Puigcerdà,Q13765
0,6478974,Garzigliana,Q9376
1,36548765,List of cities in Delhi by population,Q6609679
2,16046923,Estação,Q1803196
3,6530229,Valstagna,Q46748
4,4684627,Pazzano,Q54634
5,6293270,Cetraro,Q53866
6,18907649,Linha do Vouga,Q257574
7,6815232,Alì Terme,Q451022
8,6825352,Tavigliano,Q18172
9,18564571,Botoșești-Paia,Q16426399
10,1434269,List of parishes of Portugal: I,Q6631934
11,30916216,List of railway stations in Liguria,Q6636065
12,4967136,Vado Ligure,Q271350
13,1039208,Atalaia,Q137633
14,4273519,Amares,Q455012
15,6771464,Santa Maria la Carità,Q72613
16,6750820,Castiglione d'Orcia,Q91152
17,6692563,Busalla,Q265551
18,945826,Coimbra Football Association,Q5141517
19,1114941,Gambela Region,Q207638
20,6570032,Vallecrosia,Q269892
21,6768101,Vallemaio,Q117509
22,6715444,Rivolta d'Adda,Q42617
23,772938,Orbe,Q68213
24,13026308,Amora (Seixal),Q474039
25,8002471,Campese,Q782078
26,1025505,Country park,Q350723
27,5866778,Mouriscas,Q1950999
28,1986020,Senigallia,Q124925
29,6583774,Viadana,Q7924446
30,6826500,Misano Adriatico,Q111818
31,6770243,Foglianise,Q55904
32,183729,Liberal Wars,Q1237867
33,3560919,Arteixo,Q996161
34,5967483,Cenadi,Q53505
35,9470114,"Santa Maria Ausiliatrice, Rome",Q511226
36,6753059,Borgo Velino,Q223472
37,6752983,Vignanello,Q180295
38,6754689,Belmonte Castello,Q116545
39,161618,La Spezia,Q8611
40,6717031,Anguillara Veneta,Q34665
41,6703487,Lacchiarella,Q42422
42,15144743,Orto Botanico dell'Università di Trieste,Q7105071
43,6715047,Villanterio,Q41090
44,6702839,Aicurzio,Q40635
45,6292433,Panettieri,Q53927
46,4025877,Bagni di Lucca,Q216399
47,6699751,Pieve Ligure,Q266620
48,3321664,Couto,Q402884
49,7260607,Districts of Póvoa de Varzim,Q6988173
0,23195652,Kato Koutrafas,Q4818301
1,43258848,Fraugde,Q2431865
2,5499427,Lefkara,Q2626623
3,23181616,"Loutros, Cyprus",Q4818032
4,43433838,Vynohradne,Q3891224
5,6718602,Magnano in Riviera,Q53276
6,6721271,Solarolo,Q52991
7,18578199,Șendreni,Q12725290
8,23494485,Vărzărești,Q2367237
9,23215394,Pera Pedi,Q7166856
10,6551530,Ivano-Fracena,Q291110
11,6706054,Ubiale Clanezzo,Q101693
12,23175132,"Kalo Chorio, Nicosia",Q6354156
13,6551744,Pozza di Fassa,Q299987
14,441385,Sighetu Marmației,Q334874
15,24669262,Alphabetical list of comunes of Italy,Q4735216
16,6825813,Nibionno,Q42981
17,12218027,Raahe Museum,Q7278389
18,2744035,Ungheni,Q858713
19,24561356,Pleșeni,Q1775910
20,1037951,Artogne,Q103440
21,6826026,Verderio Inferiore,Q42282
22,330020,"List of cities, towns and villages in Cyprus",Q13217633
23,1052907,Cimbergo,Q104014
24,6551924,Taio,Q326814
25,42305773,Administrative divisions of Crimea,Q4057732
26,9033674,Vanaja,Q7913938
27,6861895,Kivertsi,Q148890
28,23187572,"Livadia, Nicosia",Q6654220
29,866959,Peltast,Q720600
30,385022,Poiana,Q358463
31,6702444,Menarola,Q39862
32,6337834,List of urban-type settlements in Ukraine by subdivision,Q7216840
33,2870877,Casier,Q29377
34,6702156,Buglio in Monte,Q39384
35,6874634,"Komsomolske, Donetsk Oblast",Q1025487
36,14876866,Krasnokamianka (urban-type settlement),Q3847642
37,1074367,Gianico,Q104637
38,23174203,Ayia Marina Kelokedharon,Q4818374
39,23298792,Philousa Kelokedharon,Q7186299
40,6705504,Piario,Q101382
41,23216670,"Agios Thomas, Cyprus",Q4831309
42,6701168,Blevio,Q244131
43,1118979,Roè Volciano,Q111644
44,6716734,Orsago,Q46510
45,23171258,"Agios Georgios, Limassol",Q4831311
0,45031556,Bilenke Pershe,Q4081841
1,646888,Longford,Q645623
2,118458,Hellendoorn,Q10005
3,30710501,List of municipalities of Greece (2011),Q5613373
4,1465963,Areley Kings,Q690695
5,16815181,Slezská Ostrava,Q3846134
6,17724,Lighthouse of Alexandria,Q43244
7,14746404,Ancient Greek grammar (tables),Q440284
8,16012756,Horstead with Stanninghall,Q1829358
9,4119577,Heves County,Q191604
10,2265113,San Enrique,Q447595
11,34743072,Oktiabrske,Q1984515
12,50801089,Tarnaméra,
13,4558645,Pljeskavica,Q2089716
14,25035152,Woolton Hill,Q8033964
15,13518943,Heiligenstedten,Q556390
16,8970297,Emil Beier,Q5371173
17,11589130,Uzhhorod Raion,Q428958
18,2142681,Vuzenica,Q370390
19,10855812,"Michałówka, Biała Podlaska County",Q3924554
20,4349956,Cercanías Málaga,Q167503
21,6337834,List of urban-type settlements in Ukraine by subdivision,Q7216840
22,1771253,Charlwood,Q2120809
23,1438744,Claydon,Q345381
24,429605,"Edenbridge, Kent",Q947442
25,180093,Bonanza,Q862187
26,28205709,Vladimirovca,Q2457159
27,11978335,Grünendeich,Q503937
28,1589878,Bactrian language,Q756651
29,11868040,Dolní Datyně,Q3500102
30,733933,Klaus,Q15635237
31,3282320,Bodicote,Q593352
32,11523169,Kőröshegy,Q1091747
33,44588430,"Hvardiiske, Novomoskovsk Raion",Q3143543
34,1398899,"Agios Nikolaos, Crete",Q211463
35,4683105,Brügge,Q667354
36,38546892,El Zabal,Q5352357
37,34713256,Krasnohvardiiske,Q2367699
38,42634387,"Petrivka, Kiev",Q4361001
39,2740422,The Moor,Q7752200
40,13420345,Struckum,Q559379
41,4046814,Little Oakley,Q6651199
42,1147725,Dufferin,Q3040957
43,2570744,London Conference of 1832,Q625717
0,50449696,The Infinite Plan,
1,22013889,Campillo,Q1031124
2,48882126,Hondo River Bridge (1908),Q21812811
3,14020527,Molina de Segura,Q917883
4,11837840,Herrerías,Q1635195
5,32888602,Villalba de Rioja,Q1646985
6,23281219,BPI-DOST Science Awards,Q4836254
7,18974383,Marcela Donoso,Q9028543
8,1528271,Danubio F.C.,Q584316
